Property,Address,Area,Build Year,Price Range,Units,Developer,Marketing/Leasing Contact,Title,Email,Executive Contact,Executive Title,Executive Email,Outreach Stage,Has Address,Has Build Year,Has Price Range,Has Contact Email
1 North 4th,"1 North 4th Place, Brooklyn, NY 11249",,2014,"$4,300-$8,700",510,Douglaston Development,Graham Christensen,"VP, Market Rate Development",gchristensen@douglastondevelopment.com,Liz Oakley; Steven Charno,Chief Development Officer; President,scharno@douglastondevelopment.com,,Yes,Yes,Yes,Yes
1 QPS,"42-20 24th Street, Long Island City, NY 11101",LIC,2017,"$3,763-$7,534",391,PMG,Anita D.; Kevin Maloney,Portfolio Leasing Director; CEO,anita@propertymg.com; kmaloney@propertymg.com,Amy Schulman; Brett Solomon; Ofer Yardeni; Ryan Shear; Steve Brecker; Stonehenge Management Office; Veronica Gorson,"Managing Director, Development Sales & Marketing",aschulman@stonehengenyc.com; bsolomon@stonehengenyc.com; ofer@stonehengeinvestment.com; rshear@propertymg.com; sbrecker@elliman.com,,Yes,Yes,Yes,Yes
100 Jane Street,"100 Jane Street, New York, NY 10014",,1996,"$4,300-$9,600",148,Rockrose Development,Justin Elghanayan,President,justin.elghanayan@rockrose.com,Alyssa Brennan; Anthony Grimaldi; Cassandra Andino; Henry Elghanayan; Linc LIC Leasing Office,SVP Residential Leasing and Marketing,alyssa.brennan@rockrose.com; anthony.grimaldi@rockrose.com; cassandra.andino@rockrose.com; henry.elghanayan@rockrose.com,,Yes,Yes,Yes,Yes
110 Horatio Street,"110 Horatio Street, New York, NY 10014",,1987,"$5,200-$5,300",154,Rockrose Development,Justin Elghanayan,President,justin.elghanayan@rockrose.com,Alyssa Brennan; Anthony Grimaldi; Cassandra Andino; Henry Elghanayan; Linc LIC Leasing Office,SVP Residential Leasing and Marketing,alyssa.brennan@rockrose.com; anthony.grimaldi@rockrose.com; cassandra.andino@rockrose.com; henry.elghanayan@rockrose.com,,Yes,Yes,Yes,Yes
116 John Street,"116 John Street, New York, NY 10038",,2012,"$3,390-$6,375",416,Silverstein Properties,Dara McQuillan,Chief Marketing & Communications Officer,dmcquillan@silvprop.com,,,,,Yes,Yes,Yes,Yes
12 East 22nd Street,"12 East 22nd Street, New York, NY 10010",,1911,"$4,000-$8,000",86,Abington Properties,Sal Costa,Director of Leasing,sal@abingtonholding.net,,,,,Yes,Yes,Yes,Yes
1214 5th Avenue,"1214 5th Avenue, New York, NY 10029",,2012,"$4,200-$8,600",229,Related Companies,Jill Singer Graeber,Marketing Director,jsgraeber@related.com,,,,,Yes,Yes,Yes,Yes
1440 Amsterdam Ave,"1440 Amsterdam Ave, New York, NY 10027",,,"$3,220-$6,595",490,,,,,,,,Pitched,Yes,No,Yes,No
1515 Surf,"1515 Surf Avenue, Brooklyn, NY 11224",Coney Island,2024,"$3,125-$5,195",463,LCOR,Loretta Romero,VP of Marketing,lromero@lcor.com,Lo Romero,"Vice President, Marketing",,,Yes,Yes,Yes,Yes
18 Cornelia Street,"18 Cornelia St, New York, NY 10014",,1900,"$2,200-$4,500",36,The Brodsky Organization,Alexander Brodsky,Principal,abrodsky@brodskyorg.com,Dean Amro; Joe Porritt; Michelle Frucht; Rick Mason; Thomas Brodsky,"Director, Leasing and Marketing",damro@brodskyorg.com; jporritt@brodskyorg.com; mfrucht@brodskyorg.com; rmason@brodskyorg.com; tbrodsky@brodskyorg.com,,Yes,Yes,Yes,Yes
19 Dutch,"19 Dutch Street, New York, NY 10038",,2019,"$3,800-$10,000",483,Carmel Partners,LinkedIn; Melanie Flaherty,"SVP, Marketing",nancy@nancypackesinc.com; mflaherty@carmelpartners.com,Andrew Barrocas; Brian S. Pun; FSA Capital HQ; Iliana Acevedo; Jen Bucktrout; Liz Tennican; Lumen Leasing Office; MNS Real Estate HQ; Stephanie Andrews,"VP, Marketing",asb@mns.com; brian@fsacapital.com; iliana@mns.com; jbucktrout@carmelpartners.com; ltennican@carmelpartners.com; stephanie@mns.com,,Yes,Yes,Yes,Yes
1975 Madison,"1975 Madison Avenue, New York, NY 10035",Central Harlem,2025,"$3,895-$7,000",97,"Harlem Multi One, LLC; The Davis Companies",Andi Simpson; Leasing Team,"EVP - Creative, Brand & Communications; Leasing",asimpson@thedaviscompanies.com; 1975madison@mns.com,,,,,Yes,Yes,Yes,Yes
2 Gold Street,"2 Gold Street, New York, NY 10038",,2003,"$4,665-$8,335",650,TF Cornerstone,Nenad Jerzabek,Leasing Manager,nenad.jerzabek@tfc.com,Frederick Elghanayan; Jake Elghanayan; Jared Brown; Jeremy Shell; Sofia Estevez; Steve Gonzalez; Steve N. Gonzalez,Chairman,felghanayan@tfc.com; jelghanayan@tfc.com; jared.brown@tfc.com; jshell@tfc.com; sestevez@tfc.com; sgonzalez@tfc.com; sgonzalez@tfc.com,,Yes,Yes,Yes,Yes
2-20 Malt Drive,2-20 Malt Drive,LIC,2024,"$3,610-$7,905",575,TF Cornerstone,Nenad Jerzabek,Leasing Manager,nenad.jerzabek@tfc.com,Frederick Elghanayan; Jake Elghanayan; Jared Brown; Jeremy Shell; Sofia Estevez; Steve Gonzalez; Steve N. Gonzalez,Chairman,felghanayan@tfc.com; jelghanayan@tfc.com; jared.brown@tfc.com; jshell@tfc.com; sestevez@tfc.com; sgonzalez@tfc.com; sgonzalez@tfc.com,,Yes,Yes,Yes,Yes
20 Broad St,"20 Broad Street, New York, NY 10005",,2018,"$3,700-$8,000",533,Metro Loft Developers,Mitchell Wasser,"Senior MD - Marketing, Brand Strategy & BD",info@metroloft.com,,,,,Yes,Yes,Yes,Yes
20 Exchange Place,"20 Exchange Place, New York, NY 10005",,1931,"$3,600-$7,700",762,Dermot Company,Arianna Mahone,Leasing and Marketing Director,arianna.mahone@dermotcompany.com,Stephen N. Benjamin,CEO,inquiry@dermotcompany.com,,Yes,Yes,Yes,Yes
20&30 Halletts Point,"20 Halletts Point & 30 Halletts Point, Astoria, NY 11102",,2025,"$3,600-$7,850",647,The Durst Organization,,,,Corporate Phone; Dan Mogolesko; Emmanuelle Slossberg; Joy Habian; Sven Leasing Office; Sven Leasing Team,"EVP, Director of Leasing",dmogolesko@durst.org; eslossberg@durst.org; jhabian@durst.org; svenleasing@durst.org,,Yes,Yes,Yes,Yes
200W60,"200 W 60th St, New York, NY 10023",,1991,"$3,500-$13,000",248,The Brodsky Organization,Alexander Brodsky,Principal,abrodsky@brodskyorg.com,Dean Amro; Joe Porritt; Michelle Frucht; Rick Mason; Thomas Brodsky,"Director, Leasing and Marketing",damro@brodskyorg.com; jporritt@brodskyorg.com; mfrucht@brodskyorg.com; rmason@brodskyorg.com; tbrodsky@brodskyorg.com,,Yes,Yes,Yes,Yes
230 East 30th Street,"230 East 30th Street, New York, NY 10016",,1985,"$3,450-$6,095",126,Abington Properties,Sal Costa,Director of Leasing,sal@abingtonholding.net,,,,,Yes,Yes,Yes,Yes
235 Grand,"235 Grand St, Jersey City, NJ 07302",,2019,"$2,790-$5,165",549,Ironstate / KRE,,,,,,,,Yes,Yes,Yes,No
250N10,"250 North 10th Street, Brooklyn, NY 11211",,2014,"$3,995-$8,595",234,TF Cornerstone,Nenad Jerzabek,Leasing Manager,nenad.jerzabek@tfc.com,Frederick Elghanayan; Jake Elghanayan; Jared Brown; Jeremy Shell; Sofia Estevez; Steve Gonzalez; Steve N. Gonzalez,Chairman,felghanayan@tfc.com; jelghanayan@tfc.com; jared.brown@tfc.com; jshell@tfc.com; sestevez@tfc.com; sgonzalez@tfc.com; sgonzalez@tfc.com,,Yes,Yes,Yes,Yes
261 Hudson,"261 Hudson Street, New York, NY 10013",,2017,"$4,600-$11,500",160,Related Companies,Jill Singer Graeber,Marketing Director,jsgraeber@related.com,,,,,Yes,Yes,Yes,Yes
300 Ashland Place,"300 Ashland Place, Brooklyn, NY 11217",,2017,"$3,500-$11,000",379,Two Trees Management,Allison Bevilaqua; Michaella Solar-March,Senior Director of Marketing; Chief Marketing Officer,abevilaqua@twotreesny.com; msolarmarch@twotreesny.com,,,,,Yes,Yes,Yes,Yes
300 West 136th Street,"300 West 136th Street, New York, NY 10030",Central Harlem,2025,"$3,150-$5,995",53,Empire Development Fund 2 LLC,Mike Jeneralczuk,Licensed RE Salesperson (Leasing),mike@jenermendoza.com,,,,,Yes,Yes,Yes,Yes
325 Kent Avenue,"325 Kent Avenue, Brooklyn, NY 11249",,2017,"$3,500-$8,000",522,Two Trees Management,Allison Bevilaqua; Michaella Solar-March,Senior Director of Marketing; Chief Marketing Officer,abevilaqua@twotreesny.com; msolarmarch@twotreesny.com,,,,,Yes,Yes,Yes,Yes
33 Bond Street,"33 Bond St, Brooklyn, NY 11201",,2017,"$2,800-$5,900",714,TF Cornerstone,Nenad Jerzabek,Leasing Manager,nenad.jerzabek@tfc.com,Frederick Elghanayan; Jake Elghanayan; Jared Brown; Jeremy Shell; Sofia Estevez; Steve Gonzalez; Steve N. Gonzalez,Chairman,felghanayan@tfc.com; jelghanayan@tfc.com; jared.brown@tfc.com; jshell@tfc.com; sestevez@tfc.com; sgonzalez@tfc.com; sgonzalez@tfc.com,,Yes,Yes,Yes,Yes
360 West 43rd Street,"360 West 43rd Street, New York, NY 10036",,2002,"$3,200-$6,300",256,The Brodsky Organization,Alexander Brodsky,Principal,abrodsky@brodskyorg.com,Dean Amro; Joe Porritt; Michelle Frucht; Rick Mason; Thomas Brodsky,"Director, Leasing and Marketing",damro@brodskyorg.com; jporritt@brodskyorg.com; mfrucht@brodskyorg.com; rmason@brodskyorg.com; tbrodsky@brodskyorg.com,,Yes,Yes,Yes,Yes
3Eleven,"311 11th Avenue, New York, NY 10001",,2023,"$4,700-$9,800",938,Douglaston Development,Graham Christensen,"VP, Market Rate Development",gchristensen@douglastondevelopment.com,Liz Oakley; Steven Charno,Chief Development Officer; President,scharno@douglastondevelopment.com,,Yes,Yes,Yes,Yes
420 Carroll,"420 Carroll Street, Brooklyn, NY 11215",,2024,"$3,750-$8,500",360,Domain Companies,Jason Hill,Marketing Director,jhill@thedomaincos.com,,,,,Yes,Yes,Yes,Yes
420 West 42nd Street,"420 West 42nd Street, New York, NY 10036",,2000,"$3,500-$8,000",210,The Brodsky Organization,Alexander Brodsky,Principal,abrodsky@brodskyorg.com,Dean Amro; Joe Porritt; Michelle Frucht; Rick Mason; Thomas Brodsky,"Director, Leasing and Marketing",damro@brodskyorg.com; jporritt@brodskyorg.com; mfrucht@brodskyorg.com; rmason@brodskyorg.com; tbrodsky@brodskyorg.com,,Yes,Yes,Yes,Yes
425 Summit Ave,"425 Summit Ave, Jersey City, NJ 07306",,2024,"$2,500-$6,000",390,Arden Group / Sequoia / Spitzer,Jackie Dalsimer,Dir. of Property Management,jackie.dalsimer@ardengroup.com,Craig A. Spencer,Chairman & CEO,cas@ardengroup.com,,Yes,Yes,Yes,Yes
43 Cottage,"43 Cottage Street, Jersey City, NJ 07306",Journal Square,1963,"$2,600",11,Namdar; Namdar / Sutton Equity,Julie Aguilar-Treulieb,Director Lease Administration,julie@namdarllc.com,Igal Namdar,President / CEO,igal@namdarllc.com,Won,Yes,Yes,Yes,Yes
433 West 21st Street,"433 West 21st Street, New York, NY 10011",,1930,"$3,500-$13,000",69,The Brodsky Organization,Alexander Brodsky,Principal,abrodsky@brodskyorg.com,Dean Amro; Joe Porritt; Michelle Frucht; Rick Mason; Thomas Brodsky,"Director, Leasing and Marketing",damro@brodskyorg.com; jporritt@brodskyorg.com; mfrucht@brodskyorg.com; rmason@brodskyorg.com; tbrodsky@brodskyorg.com,,Yes,Yes,Yes,Yes
45 Wall Street,"45 Wall Street, New York, NY 10005",,1997,"$3,300-$8,800",435,TF Cornerstone,Nenad Jerzabek,Leasing Manager,nenad.jerzabek@tfc.com,Frederick Elghanayan; Jake Elghanayan; Jared Brown; Jeremy Shell; Sofia Estevez; Steve Gonzalez; Steve N. Gonzalez,Chairman,felghanayan@tfc.com; jelghanayan@tfc.com; jared.brown@tfc.com; jshell@tfc.com; sestevez@tfc.com; sgonzalez@tfc.com; sgonzalez@tfc.com,,Yes,Yes,Yes,Yes
4540 Center Boulevard,"4540 Center Boulevard, Queens, NY 11109",,2012,"$3,350-$6,960",345,TF Cornerstone,Nenad Jerzabek,Leasing Manager,nenad.jerzabek@tfc.com,Frederick Elghanayan; Jake Elghanayan; Jared Brown; Jeremy Shell; Sofia Estevez; Steve Gonzalez; Steve N. Gonzalez,Chairman,felghanayan@tfc.com; jelghanayan@tfc.com; jared.brown@tfc.com; jshell@tfc.com; sestevez@tfc.com; sgonzalez@tfc.com; sgonzalez@tfc.com,,Yes,Yes,Yes,Yes
4545 Center Blvd,4545 Center Blvd,LIC,2013,"$3,235-$7,545",820,TF Cornerstone,Nenad Jerzabek,Leasing Manager,nenad.jerzabek@tfc.com,Frederick Elghanayan; Jake Elghanayan; Jared Brown; Jeremy Shell; Sofia Estevez; Steve Gonzalez; Steve N. Gonzalez,Chairman,felghanayan@tfc.com; jelghanayan@tfc.com; jared.brown@tfc.com; jshell@tfc.com; sestevez@tfc.com; sgonzalez@tfc.com; sgonzalez@tfc.com,,Yes,Yes,Yes,Yes
456 Washington St.,"456 Washington Street, New York, NY 10013",,2016,"$6,150-$20,600",84,Related Companies,Jill Singer Graeber,Marketing Director,jsgraeber@related.com,,,,,Yes,Yes,Yes,Yes
4610 Center Blvd,"4610 Center Boulevard, Long Island City, NY 11109",,2014,"$3,490-$6,990",584,TF Cornerstone,Nenad Jerzabek,Leasing Manager,nenad.jerzabek@tfc.com,Frederick Elghanayan; Jake Elghanayan; Jared Brown; Jeremy Shell; Sofia Estevez; Steve Gonzalez; Steve N. Gonzalez,Chairman,felghanayan@tfc.com; jelghanayan@tfc.com; jared.brown@tfc.com; jshell@tfc.com; sestevez@tfc.com; sgonzalez@tfc.com; sgonzalez@tfc.com,,Yes,Yes,Yes,Yes
4705 Center Boulevard,"47-05 Center Boulevard, Long Island City, NY 11109",,2007,"$3,500-$7,500",394,Rockrose Development,Justin Elghanayan,President,justin.elghanayan@rockrose.com,Alyssa Brennan; Anthony Grimaldi; Cassandra Andino; Henry Elghanayan; Linc LIC Leasing Office,SVP Residential Leasing and Marketing,alyssa.brennan@rockrose.com; anthony.grimaldi@rockrose.com; cassandra.andino@rockrose.com; henry.elghanayan@rockrose.com,,Yes,Yes,Yes,Yes
4720 Center Boulevard,"4720 Center Boulevard, Long Island City, NY 11109",,2006,"$3,300-$6,800",498,TF Cornerstone,Nenad Jerzabek,Leasing Manager,nenad.jerzabek@tfc.com,Frederick Elghanayan; Jake Elghanayan; Jared Brown; Jeremy Shell; Sofia Estevez; Steve Gonzalez; Steve N. Gonzalez,Chairman,felghanayan@tfc.com; jelghanayan@tfc.com; jared.brown@tfc.com; jshell@tfc.com; sestevez@tfc.com; sgonzalez@tfc.com; sgonzalez@tfc.com,,Yes,Yes,Yes,Yes
485 Marin Blvd,"485 Marin Blvd, Jersey City, NJ 07302",,2018,"$3,020-$7,264",397,KRE Group,Mary Cricco,Director of Residential Leasing,mcricco@thekregroup.com,Jonathan Kushner,President,jkushner@thekregroup.com,,Yes,Yes,Yes,Yes
499 President,"499 President Street, Brooklyn, NY 11215",Gowanus,2025,"$3,825-$6,570",350,The Brodsky Organization,Alexander Brodsky,Principal,abrodsky@brodskyorg.com,Dean Amro; Joe Porritt; Michelle Frucht; Rick Mason; Thomas Brodsky,"Director, Leasing and Marketing",damro@brodskyorg.com; jporritt@brodskyorg.com; mfrucht@brodskyorg.com; rmason@brodskyorg.com; tbrodsky@brodskyorg.com,,Yes,Yes,Yes,Yes
5 Pointz LIC,"22-44 Jackson Avenue, Long Island City, NY 11101",LIC,2021,"$4,366-$7,137",1120,G&M Realty,David Wolkoff; Joseph Buynitsky,Principal / Developer; Director of Leasing (MNS),dwolkoff@hrtld.com; jbuynitsky@mns.com,,,,,Yes,Yes,Yes,Yes
505 State Street,"505 State Street, Brooklyn, NY 11217",Downtown Brooklyn,2024,"$4,055-$11,995",440,Alloy; Alloy Development,Tara Mrowka,Sr. Dir. of Marketing & Sales,tmrowka@alloyllc.com,,,,,Yes,Yes,Yes,Yes
505 SUMMIT,"505 Summit Ave, Jersey City, NJ 07306",,2026,"$3,000-$6,500",605,Panepinto; Panepinto Properties,Gabrielle Panepinto Reiser,VP of Marketing & PR,gabrielle.reiser@panprop.com,,,,Won,Yes,Yes,Yes,Yes
505W37,"505 West 37th Street, New York, NY 10018",,2009,"$3,645-$6,840",835,TF Cornerstone,Nenad Jerzabek,Leasing Manager,nenad.jerzabek@tfc.com,Frederick Elghanayan; Jake Elghanayan; Jared Brown; Jeremy Shell; Sofia Estevez; Steve Gonzalez; Steve N. Gonzalez,Chairman,felghanayan@tfc.com; jelghanayan@tfc.com; jared.brown@tfc.com; jshell@tfc.com; sestevez@tfc.com; sgonzalez@tfc.com; sgonzalez@tfc.com,,Yes,Yes,Yes,Yes
5203 Center Boulevard,"52-03 Center Boulevard, Long Island City, NY 11101",,2021,"$5,500-$8,000",800,TF Cornerstone,Nenad Jerzabek,Leasing Manager,nenad.jerzabek@tfc.com,Frederick Elghanayan; Jake Elghanayan; Jared Brown; Jeremy Shell; Sofia Estevez; Steve Gonzalez; Steve N. Gonzalez,Chairman,felghanayan@tfc.com; jelghanayan@tfc.com; jared.brown@tfc.com; jshell@tfc.com; sestevez@tfc.com; sgonzalez@tfc.com; sgonzalez@tfc.com,,Yes,Yes,Yes,Yes
5241 Center Boulevard,"5241 Center Boulevard, Long Island City, NY 11101",,2021,"$4,250-$8,245",394,TF Cornerstone,Nenad Jerzabek,Leasing Manager,nenad.jerzabek@tfc.com,Frederick Elghanayan; Jake Elghanayan; Jared Brown; Jeremy Shell; Sofia Estevez; Steve Gonzalez; Steve N. Gonzalez,Chairman,felghanayan@tfc.com; jelghanayan@tfc.com; jared.brown@tfc.com; jshell@tfc.com; sestevez@tfc.com; sgonzalez@tfc.com; sgonzalez@tfc.com,,Yes,Yes,Yes,Yes
525 West 52nd,"525 West 52nd Street, New York, NY 10019",,2017,"$4,000-$8,000",392,Taconic Partners,Michael Adelstein,"VP, Commercial Asset Management",madelstein@tacon.com,Charles Bendit,Co-CEO,cbendit@taconicpartners.com,,Yes,Yes,Yes,Yes
55 Broad,"55 Broad Street, New York, NY 10004",,1967,"$4,100-$12,095",571,GFP Real Estate / Silverstein,Courtney L. Adham,Marketing Contact,cadham@gfpre.com,,,,,Yes,Yes,Yes,Yes
555TEN,"555 10th Ave, New York, NY 10018",,2016,"$4,200-$9,000",600,Extell Development,Tamar Rothenberg,Senior VP Marketing,trothenberg@extelldev.com,,,,,Yes,Yes,Yes,Yes
60 Water Street,"60 Water Street, Brooklyn, NY 11201",,2015,"$3,500-$9,000",290,Two Trees Management,Allison Bevilaqua; Michaella Solar-March,Senior Director of Marketing; Chief Marketing Officer,abevilaqua@twotreesny.com; msolarmarch@twotreesny.com,,,,,Yes,Yes,Yes,Yes
709 Newark (coming soon),"701 Newark Ave, Jersey City, NJ 07306",,2010,,360,Lions Group,Aaron Shirian,Managing Director,aaron.shirian@lionsgroupnyc.com,,,,,Yes,Yes,No,Yes
89 Murray,"89 Murray Street, New York, NY 10007",,2007,"$4,000-$10,000",163,Related Companies,Jill Singer Graeber,Marketing Director,jsgraeber@related.com,,,,,Yes,Yes,Yes,Yes
99 Fleet Place,"99 Fleet Place, Brooklyn, NY 11201",Downtown Brooklyn,2024,"$3,200-$8,040",294,The Jay Group,Raymond Werdane; Shimon Drummer,Leasing/Marketing Agent; Director of New Developments,info@bohemiarealty.com; shimon@jaygroupny.com,Jacob Kohn,Principal,info@jaygroupny.com,,Yes,Yes,Yes,Yes
Allora,"285 Broadway, Bayonne, NJ 07002",,,"$2,265-$2,595",128,Lior Darel / Df3 Capital,Lior Darel,Senior Managing Partner,liordarel@df3capital.com,,,,,Yes,No,Yes,Yes
Alora,"285 Broadway, Bayonne, NJ 07002",Bayonne,2025,"$2,100-$3,100",128,Lior Dorel; Lior Dorel / Df3 Capital,,,,,,,,Yes,Yes,Yes,No
Aqua House,"180 Water Street, New York, NY 10038",,2017,"$3,650-$9,895",574,Vanbarton Group,Frank Scaffa,"Dir. of Operations, PM & Construction (East Coast)",fscaffa@vanbartongroup.com,,,,,Yes,Yes,Yes,Yes
Archer House,"148-37 88th Avenue, Jamaica, NY 11435",,2022,"$2,000-$4,000",109,ZD Jasper Realty,,,,Andover Property Management Leasing; General Inquiry; General Leasing; Hong Lihua; Jasper Wu; Susan Wu,General; Chief Operations Officer,info@zdjasper.com; leasing@andoverpm.com; lihua@andoverpm.com; jasper@zdjasper.com; west37@zdjasper.com,,Yes,Yes,Yes,Yes
ART WALK,"808 Pavonia Ave, Jersey City, NJ 07306",,,"$2,700+",1189,Panepinto; Panepinto Properties,Gabrielle Panepinto Reiser,VP of Marketing & PR,gabrielle.reiser@panprop.com,,,,Pitched,Yes,No,Yes,Yes
Art Walk Towers (Under Construction),"808-813 Pavonia Avenue, Jersey City, NJ 07306",,,,1189,Kushner Real Estate Group,Ira Bloom; Phone,Director of Commercial Leasing,ibloom@kushner.com,,,,,Yes,No,No,Yes
Astoria West,"30-77 Vernon Boulevard, Astoria, NY 11102",LIC,2022,"$2,567-$7,950",534,Cape Advisors,Hilary Peck,VP of Marketing and PR,hilary@capeadvisors.com,Astoria West Leasing Gallery; David Kronman; David Maundrell III; Jodi Stasse; Property-Specific Inquiries,Principal,dkronman@capeadvisors.com; dmaundrell@corcoran.com; jstasse@corcoran.com; astoriawest@corcoran.com,,Yes,Yes,Yes,Yes
AtlanticBK,"1057 Atlantic Avenue, Brooklyn, NY 11238",Bedford-Stuyvesant,2025,"$3,870-$6,810",343,Douglaston Development,Graham Christensen,"VP, Market Rate Development",gchristensen@douglastondevelopment.com,Liz Oakley; Steven Charno,Chief Development Officer; President,scharno@douglastondevelopment.com,,Yes,Yes,Yes,Yes
Avalon Riverview,"4-75 48th Avenue, Long Island City, NY 11109",,2006,"$3,200-$6,900",602,AvalonBay Communities,Kurt D. Conway,"SVP, Brand Strategy, Marketing & Revenue Mgmt",kurt_conway@avalonbay.com,,,,,Yes,Yes,Yes,Yes
Bisby at Newport,"30 Park Lane North, Jersey City, NJ 07310",,2024,"$3,040-$10,340",385,LeFrak,Arthur Kosmider,"Sr. Dir., Marketing & Resident Experience",akosmider@lefrak.com,,,,,Yes,Yes,Yes,Yes
Braddock Park West,"8601 Bergenline Ave, North Bergen, NJ 07047",,2025,"$2,150-$5,800",135,OMG Agency; Sanz Management,Ilana Schwartz,CEO,ilana@omg.re,,,,Won,Yes,Yes,Yes,Yes
Bridgeview Dumbo,"69 Adams Street, Brooklyn, NY 11201",DUMBO,2024,$3,225,Rabsky Group,Zelig Weiss,Director of Development,zelig@rabskygroup.com,,,,,Yes,Yes,Yes,Yes
Brooklyn Crossing,"18 Sixth Avenue, Brooklyn, NY 11217",,2022,"$3,450-$10,500",858,The Brodsky Organization,Alexander Brodsky,Principal,abrodsky@brodskyorg.com,Dean Amro; Joe Porritt; Michelle Frucht; Rick Mason; Thomas Brodsky,"Director, Leasing and Marketing",damro@brodskyorg.com; jporritt@brodskyorg.com; mfrucht@brodskyorg.com; rmason@brodskyorg.com; tbrodsky@brodskyorg.com,,Yes,Yes,Yes,Yes
Chelsea Centro,"200 West 26th Street, New York, NY 10001",,2001,"$4,345-$8,595",356,TF Cornerstone,Nenad Jerzabek,Leasing Manager,nenad.jerzabek@tfc.com,Frederick Elghanayan; Jake Elghanayan; Jared Brown; Jeremy Shell; Sofia Estevez; Steve Gonzalez; Steve N. Gonzalez,Chairman,felghanayan@tfc.com; jelghanayan@tfc.com; jared.brown@tfc.com; jshell@tfc.com; sestevez@tfc.com; sgonzalez@tfc.com; sgonzalez@tfc.com,,Yes,Yes,Yes,Yes
City Tower,"10 City Point, Brooklyn, NY 11201",,2016,"$3,500-$5,200",439,The Brodsky Organization,Alexander Brodsky,Principal,abrodsky@brodskyorg.com,Dean Amro; Joe Porritt; Michelle Frucht; Rick Mason; Thomas Brodsky,"Director, Leasing and Marketing",damro@brodskyorg.com; jporritt@brodskyorg.com; mfrucht@brodskyorg.com; rmason@brodskyorg.com; tbrodsky@brodskyorg.com,,Yes,Yes,Yes,Yes
CMPND [632 Newark],"632 Newark Avenue, Jersey City, NJ 07306",,2025,"$2,400-$4,062",574,Namdar,,,,,,,,Yes,Yes,Yes,No
Court House Apartments,"125 Court Street, Brooklyn, NY 11201",,2005,"$3,500-$7,700",321,Two Trees Management,Allison Bevilaqua; Michaella Solar-March,Senior Director of Marketing; Chief Marketing Officer,abevilaqua@twotreesny.com; msolarmarch@twotreesny.com,,,,,Yes,Yes,Yes,Yes
Dutch House,"37-05 30th Street, Long Island City, NY 11101",,2022,"$3,000-$5,870",186,Slate Property Group,,,,,,,,Yes,Yes,Yes,No
DWTN,"67 Prince Street, Brooklyn, NY 11201",Downtown Brooklyn,2026,"$3,489-$6,710",473,Brooklyn Red Sauce LLC; MADDD Equities / Joy Construction,Eli S. Weiss,Authorized Signatory,eli@joycon1st.com,,,,,Yes,Yes,Yes,Yes
Eagle Lofts Collection,"43-22 Queens Street, Long Island City, NY 11101",,2022,"$3,374-$7,413",790,Rockrose Development,Justin Elghanayan,President,justin.elghanayan@rockrose.com,Alyssa Brennan; Anthony Grimaldi; Cassandra Andino; Henry Elghanayan; Linc LIC Leasing Office,SVP Residential Leasing and Marketing,alyssa.brennan@rockrose.com; anthony.grimaldi@rockrose.com; cassandra.andino@rockrose.com; henry.elghanayan@rockrose.com,,Yes,Yes,Yes,Yes
East Light + 99 Hudson,"99 Hudson Street, Jersey City, NJ 07302",,2020,"$4,550-$6,800",781,"China Overseas America (COA); COA 99 HUDSON, LLC",Jake Lewis; Megha Moza,Director of Sales Marketing; Sales Agent,jake.lewis@cohl.com; megha.moza@prominentproperties.com,,,,,Yes,Yes,Yes,Yes
Eastchester Heights,"3480 Seymour Ave, Bronx, NY 10469",,1935,"$1,475-$2,100+",1416,Taconic Partners,Michael Adelstein,"VP, Commercial Asset Management",madelstein@tacon.com,Charles Bendit,Co-CEO,cbendit@taconicpartners.com,,Yes,Yes,Yes,Yes
Eleven33,"1133 Manhattan Avenue, Brooklyn, NY 11222",,2014,"$4,000-$7,000",210,Domain Companies,Jason Hill,Marketing Director,jhill@thedomaincos.com,,,,,Yes,Yes,Yes,Yes
Ellipse at Newport,"25 Park Lane South, Jersey City, NJ 07310",,2017,"$3,200-$8,000",381,LeFrak,Arthur Kosmider,"Sr. Dir., Marketing & Resident Experience",akosmider@lefrak.com,,,,,Yes,Yes,Yes,Yes
Enclave at the Cathedral,"400 West 113th Street, New York, NY 10025",,2016,"$3,741-$8,667",430,The Brodsky Organization,Alexander Brodsky,Principal,abrodsky@brodskyorg.com,Dean Amro; Joe Porritt; Michelle Frucht; Rick Mason; Thomas Brodsky,"Director, Leasing and Marketing",damro@brodskyorg.com; jporritt@brodskyorg.com; mfrucht@brodskyorg.com; rmason@brodskyorg.com; tbrodsky@brodskyorg.com,,Yes,Yes,Yes,Yes
Essex Crossing (Coming soon),"115 Delancey Street, New York, NY 10002",,2024,,1079,LMXD,Bob Faith,"Founder, Chairman & CEO",bob@greystar.com,General Leasing; Lisa Gomez; Ron Moelis; Sarah Byrne; Scott Hall,Director of Communications + Marketing,leasing@ccmanagers.com; lgomez@lmdevpartners.com; rmoelis@lmdevpartners.com; sbyrne@lmdevpartners.com; shall@lmdevpartners.com,,Yes,Yes,No,Yes
Estela,"414-445 Gerard Avenue, Bronx, NY 10451",,2023,"$2,900-$5,500",544,Domain Companies,Jason Hill,Marketing Director,jhill@thedomaincos.com,,,,,Yes,Yes,Yes,Yes
EVGB,"510 East 14th Street, New York, NY 10009",,2018,"$5,175-$9,785",110,Extell Development,Tamar Rothenberg,Senior VP Marketing,trothenberg@extelldev.com,,,,,Yes,Yes,Yes,Yes
Fiat House,"2100 North Central Road, Fort Lee, NJ 07024",Fort Lee,2024,"$2,500-$5,100",300,UNLIMITED; UNLMTD Real Estate,Anthony Piscitelli,Director of RE Transactions,apiscitelli@unlmtdrealestate.com,,,,Lost,Yes,Yes,Yes,Yes
Four Williamsburg Wharf,"11 Wharf Way, Brooklyn, NY 11249",Williamsburg,2026,"$4,270-$13,500",183,Naftali Group,Danielle Naftali,EVP of Marketing + Design,dnaftali@naftaligroup.com,Danielle Naftali,"Executive Vice President of Marketing, Sales & Design",,,Yes,Yes,Yes,Yes
Frank,"600 West 58th Street, New York, NY 10019",,2016,"$4,800-$6,923",65,The Durst Organization,,,,Corporate Phone; Dan Mogolesko; Emmanuelle Slossberg; Joy Habian; Sven Leasing Office; Sven Leasing Team,"EVP, Director of Leasing",dmogolesko@durst.org; eslossberg@durst.org; jhabian@durst.org; svenleasing@durst.org,,Yes,Yes,Yes,Yes
Gotham Point,"1-15 57th Ave & 56-27 2nd Street, Long Island City, NY 11101",,2023,"$3,700-$8,200",1132,Gotham Organization,Wiam Riyad,VP of Leasing,wiam.riyad@gothamorg.com,,,,,Yes,Yes,Yes,Yes
Greenpoint Central - 65 Dupont St,"65 Dupont Street, Brooklyn, NY 11222",,2025,"$3,495-$7,600",279,Madison Realty Capital,Jay Heydt,"MD, Sales & Leasing",jheydt@madisonrealtycapital.com,,,,,Yes,Yes,Yes,Yes
Greenpoint Central - 65 Dupont Street,"65 Dupont Street, Brooklyn, NY 11222",Greenpoint,2025,"$3,495-$7,600",279,Madison Realty Capital,Jay Heydt,"MD, Sales & Leasing",jheydt@madisonrealtycapital.com,,,,,Yes,Yes,Yes,Yes
Greenpoint Central - 75 Dupont St,"75 Dupont St, Brooklyn, NY 11222",,2024,"$3,400-$8,600",194,Madison Realty Capital,Jay Heydt,"MD, Sales & Leasing",jheydt@madisonrealtycapital.com,,,,,Yes,Yes,Yes,Yes
Greenpoint Central - 75 Dupont Street,"75 Dupont Street, Brooklyn, NY 11222",Greenpoint,2024,"$4,245-$6,961",194,Madison Realty Capital,Jay Heydt,"MD, Sales & Leasing",jheydt@madisonrealtycapital.com,,,,,Yes,Yes,Yes,Yes
GreyStar Properties,"23 Bloomfield Ave, Flemington, NJ 08822",,2023,"$2,356-$3,381",206,Court Square / GreyStar,,,,,,,,Yes,Yes,Yes,No
Haus 25,"25 Christopher Columbus Drive, Jersey City, NJ 07302",,2022,"$3,300-$8,000",750,Veris Residential,Nicole Jones; Susan Grosso,"SVP, Chief Marketing Officer; VP, Marketing",njones@verisresidential.com; sgrosso@verisresidential.com,,,,,Yes,Yes,Yes,Yes
Hayden,"43-25 Hunter Street, Long Island City, NY 11101",,2017,"$3,777-$4,874",974,Rockrose Development,Justin Elghanayan,President,justin.elghanayan@rockrose.com,Alyssa Brennan; Anthony Grimaldi; Cassandra Andino; Henry Elghanayan; Linc LIC Leasing Office,SVP Residential Leasing and Marketing,alyssa.brennan@rockrose.com; anthony.grimaldi@rockrose.com; cassandra.andino@rockrose.com; henry.elghanayan@rockrose.com,,Yes,Yes,Yes,Yes
Helena,"601 West 57th Street, New York, NY 10019",,2005,"$3,300-$10,000",597,The Durst Organization,,,,Corporate Phone; Dan Mogolesko; Emmanuelle Slossberg; Joy Habian; Sven Leasing Office; Sven Leasing Team,"EVP, Director of Leasing",dmogolesko@durst.org; eslossberg@durst.org; jhabian@durst.org; svenleasing@durst.org,,Yes,Yes,Yes,Yes
House 55,"55 Willoughby Street, Brooklyn, NY 11201",Downtown Brooklyn,2026,"$3,250-$8,050",422,Lonicera Partners,Anthony Cekay,"PM, Residential Leasing & Marketing",acekay@lonicerapartners.com,,,,,Yes,Yes,Yes,Yes
Hunter's Point South,"5203 Center Blvd, Long Island City, NY 11101",,2021,"$3,900-$7,600",925,TF Cornerstone,Nenad Jerzabek,Leasing Manager,nenad.jerzabek@tfc.com,Frederick Elghanayan; Jake Elghanayan; Jared Brown; Jeremy Shell; Sofia Estevez; Steve Gonzalez; Steve N. Gonzalez,Chairman,felghanayan@tfc.com; jelghanayan@tfc.com; jared.brown@tfc.com; jshell@tfc.com; sestevez@tfc.com; sgonzalez@tfc.com; sgonzalez@tfc.com,,Yes,Yes,Yes,Yes
iCross,"28-16 42nd Road, Long Island City, NY 11101",,2025,"$4,080-$6,500",74,iCross Capital,John McInerney,Managing Director,john.mcinerney@icrosscapital.com,Lily Guo,Founder and CEO,cs@icross.group,,Yes,Yes,Yes,Yes
Inwood Living,"3880 9th Avenue, New York, NY 10034",Inwood,2025,"$3,125-$6,000",270,The Jay Group,Raymond Werdane; Shimon Drummer,Leasing/Marketing Agent; Director of New Developments,info@bohemiarealty.com; shimon@jaygroupny.com,Jacob Kohn,Principal,info@jaygroupny.com,,Yes,Yes,Yes,Yes
Jackson Park 1/2/3,"28-16 Jackson Avenue, Long Island City, NY 11101",LIC,2018,"$4,099-$8,430",1871,Tishman Speyer,Erik Rose,"Senior MD, Head of Residential Dev",erose@tishmanspeyer.com,,,,,Yes,Yes,Yes,Yes
Jasper,"2-33 50th Avenue, Long Island City, NY 11101",,2025,"$3,675-$8,770",499,LMXD / The Domain Companies,,,,David Dishy,CEO,info@lmdevpartners.com,,Yes,Yes,Yes,Yes
Journal Square URBY,"532 Summit Ave, Jersey City, NJ 07306",,2024,"$2,875-$5,634",317,Ironstate / Veris / Panepinto,Don Rogers,Director of Leasing,drogers@ironstate.com,,,,,Yes,Yes,Yes,Yes
KK Empire,8 Rich Ave,SoHo,2026,9000-20000,860,KK Developments,,,,Krystal,CEO,krystal@nystudents.net,,Yes,Yes,Yes,Yes
Lawrence Tower,"150 Lawrence Street, Brooklyn, NY 11201",Downtown Brooklyn,2025,"$2,970-$9,200",99,TG Developers,Shimshy Braver,General Manager,shimshysfrishtig@gmail.com,Solomon Schwimmer,CEO,sschwimmer@tgany.com,,Yes,Yes,Yes,Yes
Level BK,"2 North 6th Place, Brooklyn, NY 11249",,2017,"$3,000-$10,000",554,Douglaston Development,Graham Christensen,"VP, Market Rate Development",gchristensen@douglastondevelopment.com,Liz Oakley; Steven Charno,Chief Development Officer; President,scharno@douglastondevelopment.com,,Yes,Yes,Yes,Yes
Linc LIC,"43-10 Crescent Street, Long Island City, NY 11101",LIC,2013,"$3,415-$10,441",709,Rockrose Development,Justin Elghanayan,President,justin.elghanayan@rockrose.com,Alyssa Brennan; Anthony Grimaldi; Cassandra Andino; Henry Elghanayan; Linc LIC Leasing Office,SVP Residential Leasing and Marketing,alyssa.brennan@rockrose.com; anthony.grimaldi@rockrose.com; cassandra.andino@rockrose.com; henry.elghanayan@rockrose.com,,Yes,Yes,Yes,Yes
Link Apartments QPN,"41-46 27th Street, Long Island City, NY 11101",,2025,"$4,000-$8,000",417,Grubb Properties,,,,Emily Ethridge; Grubb Properties NYC Development Office; Jacqueline Urgo; Lauren Cahill; Link Apartments QPN Leasing Office; The Marketing Directors HQ,Contact,eethridge@grubbproperties.com; jurgo@themarketingdirectorsinc.com; lcahill@grubbproperties.com,,Yes,Yes,Yes,Yes
Link Apartments® QPN,"41-46 27th Street, Long Island City, NY 11101",LIC,2025,"$4,550-$8,045",417,Grubb Properties,,,,Emily Ethridge; Grubb Properties NYC Development Office; Jacqueline Urgo; Lauren Cahill; Link Apartments QPN Leasing Office; The Marketing Directors HQ,Contact,eethridge@grubbproperties.com; jurgo@themarketingdirectorsinc.com; lcahill@grubbproperties.com,,Yes,Yes,Yes,Yes
Loden,"54 Crown Street, Brooklyn, NY 11225",,2025,"$3,420-$6,240",569,Carmel Partners,LinkedIn; Melanie Flaherty,"SVP, Marketing",nancy@nancypackesinc.com; mflaherty@carmelpartners.com,Andrew Barrocas; Brian S. Pun; FSA Capital HQ; Iliana Acevedo; Jen Bucktrout; Liz Tennican; Lumen Leasing Office; MNS Real Estate HQ; Stephanie Andrews,"VP, Marketing",asb@mns.com; brian@fsacapital.com; iliana@mns.com; jbucktrout@carmelpartners.com; ltennican@carmelpartners.com; stephanie@mns.com,,Yes,Yes,Yes,Yes
Longview Brooklyn,"380 4th Avenue, Brooklyn, NY 11215",Gowanus,2025,"$4,299-$7,950",197,Quinlan Development Group,Rafe Evans,"EVP, Commercial Leasing (Walker Malloy)",rafeevans@walkermalloy.com,Timothy C. Quinlan,Principal,info@quinlandev.com,,Yes,Yes,Yes,Yes
Lumen LIC,"23-15 44th Road, Long Island City, NY 11101",LIC,2025,"$3,760-$6,873",938,Carmel Partners,LinkedIn; Melanie Flaherty,"SVP, Marketing",nancy@nancypackesinc.com; mflaherty@carmelpartners.com,Andrew Barrocas; Brian S. Pun; FSA Capital HQ; Iliana Acevedo; Jen Bucktrout; Liz Tennican; Lumen Leasing Office; MNS Real Estate HQ; Stephanie Andrews,"VP, Marketing",asb@mns.com; brian@fsacapital.com; iliana@mns.com; jbucktrout@carmelpartners.com; ltennican@carmelpartners.com; stephanie@mns.com,,Yes,Yes,Yes,Yes
Lyra NYC,"555 W 38th St, New York, NY 10018",,2022,"$4,200-$8,700",590,Rockrose Development,Justin Elghanayan,President,justin.elghanayan@rockrose.com,Alyssa Brennan; Anthony Grimaldi; Cassandra Andino; Henry Elghanayan; Linc LIC Leasing Office,SVP Residential Leasing and Marketing,alyssa.brennan@rockrose.com; anthony.grimaldi@rockrose.com; cassandra.andino@rockrose.com; henry.elghanayan@rockrose.com,,Yes,Yes,Yes,Yes
Maison 78,"356 East 78th Street, New York, NY 10075",,2025,"$6,200-$15,000",146,Carmel Partners,LinkedIn; Melanie Flaherty,"SVP, Marketing",nancy@nancypackesinc.com; mflaherty@carmelpartners.com,Andrew Barrocas; Brian S. Pun; FSA Capital HQ; Iliana Acevedo; Jen Bucktrout; Liz Tennican; Lumen Leasing Office; MNS Real Estate HQ; Stephanie Andrews,"VP, Marketing",asb@mns.com; brian@fsacapital.com; iliana@mns.com; jbucktrout@carmelpartners.com; ltennican@carmelpartners.com; stephanie@mns.com,,Yes,Yes,Yes,Yes
Maxwell DTBK,"111 Willoughby Street, Brooklyn, NY 11201",,2025,"$3,300-$6,500",227,Triangle Equities,Brett Goldman,EVP of Leasing and Development,bgoldman@triequities.com,,,,,Yes,Yes,Yes,Yes
Mercedes House,"550 West 54th Street, New York, NY 10019",,2012,"$4,150-$6,175",864,OMG Agency; Two Trees Management,Allison Bevilaqua; Michaella Solar-March,Senior Director of Marketing; Chief Marketing Officer,abevilaqua@twotreesny.com; msolarmarch@twotreesny.com,,,,Won,Yes,Yes,Yes,Yes
Mercedes House (mgmt),"550 W 54th St, New York, NY 10019",,2012,"$4,150-$6,175",864,Two Trees Management,Allison Bevilaqua; Michaella Solar-March,Senior Director of Marketing; Chief Marketing Officer,abevilaqua@twotreesny.com; msolarmarch@twotreesny.com,,,,,Yes,Yes,Yes,Yes
Midwest Court,"410 West 53rd Street, New York, NY 10019",,1987,"$3,200-$6,800",219,Rockrose Development,Justin Elghanayan,President,justin.elghanayan@rockrose.com,Alyssa Brennan; Anthony Grimaldi; Cassandra Andino; Henry Elghanayan; Linc LIC Leasing Office,SVP Residential Leasing and Marketing,alyssa.brennan@rockrose.com; anthony.grimaldi@rockrose.com; cassandra.andino@rockrose.com; henry.elghanayan@rockrose.com,,Yes,Yes,Yes,Yes
Miramar,"405-407 West 206th Street, New York, NY 10034",,2025,"$2,755-$4,700",698,LMXD / Taconic / M Squared,,,,,,,,Yes,Yes,Yes,No
Miramar at 405 West 206th St,"405 West 206th Street, New York, NY 10034",,2025,"$2,775-$4,700",698,L&M Development Partners,,,,,,,,Yes,Yes,Yes,No
Miramar at 405 West 206th Street,"405 West 206th Street, New York, NY 10034",Inwood,2025,"$2,775-$4,700",474,L&M Development Partners,,,,,,,,Yes,Yes,Yes,No
Miramar at 407 West 206th St,"407 West 206th Street, New York, NY 10034",,2025,"$2,755-$4,500",224,L&M Development Partners,,,,,,,,Yes,Yes,Yes,No
Miramar at 407 West 206th Street,"407 West 206th Street, New York, NY 10034",Inwood,2025,"$2,755-$4,700",224,L&M Development Partners,,,,,,,,Yes,Yes,Yes,No
Modavie Residences,"54 Crown Street, Brooklyn, NY 11225",Prospect Heights,2025,"$3,795-$7,550",271,Jankos Group,Moshe Kraus,COO and Founder,jankosgroup@gmail.com,,,,,Yes,Yes,Yes,Yes
NEW HAVEN,"19 Elm St, New Haven, CT 06510",,,"$2,215-$5,960",96,8 WEST / Atlantic Capital Properties,Gavin Speaker,Dir. of Construction and Design,gspeaker@atlanticcapitalproperties.com,Jim Meyer,"Founder, Managing Partner",jmeyer@atlanticcapitalproperties.com,,Yes,No,Yes,Yes
NEW HEAVEN,,,2020,,,8 WEST; 8 WEST / Atlantic Capital Properties,Gavin Speaker,Dir. of Construction and Design,gspeaker@atlanticcapitalproperties.com,Jim Meyer,"Founder, Managing Partner",jmeyer@atlanticcapitalproperties.com,Negotiating,No,Yes,No,Yes
Noble Jamaica,"88-36 139th Street, Jamaica, NY 11435",,2024,"$2,400-$4,300",81,ZD Jasper Realty,,,,Andover Property Management Leasing; General Inquiry; General Leasing; Hong Lihua; Jasper Wu; Susan Wu,General; Chief Operations Officer,info@zdjasper.com; leasing@andoverpm.com; lihua@andoverpm.com; jasper@zdjasper.com; west37@zdjasper.com,,Yes,Yes,Yes,Yes
OHM,"312 11th Avenue, New York, NY 10001",,2010,"$3,500-$8,000",369,Douglaston Development,Graham Christensen,"VP, Market Rate Development",gchristensen@douglastondevelopment.com,Liz Oakley; Steven Charno,Chief Development Officer; President,scharno@douglastondevelopment.com,,Yes,Yes,Yes,Yes
One Blue Slip & Two Blue Slip,"1 Blue Slip & 2 Blue Slip, Brooklyn, NY 11222",,2018,"$3,200-$10,700",780,Brookfield Properties,Danielle Nuccio,Marketing Director,danielle.nuccio@brookfieldproperties.com,,,,,Yes,Yes,Yes,Yes
One Carnegie Hill,"215 East 96th Street, New York, NY 10128",,2005,"$3,700-$8,300",261,Related Companies,Jill Singer Graeber,Marketing Director,jsgraeber@related.com,,,,,Yes,Yes,Yes,Yes
One Central Park West,"1 Central Park West, New York, NY 10023",,1960,"$15,000-$16,000",156,Related Companies,Jill Singer Graeber,Marketing Director,jsgraeber@related.com,,,,,Yes,Yes,Yes,Yes
One Domino Square - Rentals,"5 South 5th Street, Brooklyn, NY 11249",Williamsburg,2024,"$2,832-$15,495",399,Two Trees Management,Allison Bevilaqua; Michaella Solar-March,Senior Director of Marketing; Chief Marketing Officer,abevilaqua@twotreesny.com; msolarmarch@twotreesny.com,,,,,Yes,Yes,Yes,Yes
One Grove,"215 Grove St, Jersey City, NJ 07302",,2024,"$3,100-$8,100",200,Strategic Capital,David Brown,Deputy Managing Director,info@strategiccapital.com,,,,,Yes,Yes,Yes,Yes
One Hudson Yards,"530 West 30th Street, New York, NY 10001",,2017,"$5,000-$25,000",178,Related Companies,Jill Singer Graeber,Marketing Director,jsgraeber@related.com,,,,,Yes,Yes,Yes,Yes
One Journal,,,,,,Panepinto; Panepinto Properties,Gabrielle Panepinto Reiser,VP of Marketing & PR,gabrielle.reiser@panprop.com,,,,Negotiating,No,No,No,Yes
ONE LIC,"42-10 27th Street, Long Island City, NY 11101",,2019,"$2,500-$8,000",110,Lions Group,Aaron Shirian,Managing Director,aaron.shirian@lionsgroupnyc.com,,,,,Yes,Yes,Yes,Yes
One Manhattan Square,"252 South Street, New York, NY 10002",,2019,"$5,150-$22,750",815,Extell Development,Tamar Rothenberg,Senior VP Marketing,trothenberg@extelldev.com,,,,,Yes,Yes,Yes,Yes
One South First,"1 South 1st Street, Brooklyn, NY 11249",,2019,"$4,000-$12,000",332,Two Trees Management,Allison Bevilaqua; Michaella Solar-March,Senior Director of Marketing; Chief Marketing Officer,abevilaqua@twotreesny.com; msolarmarch@twotreesny.com,,,,,Yes,Yes,Yes,Yes
One Sunset,"201 25th Street, Brooklyn, NY 11232",Greenwood,2025,"$3,489-$7,675",187,Ailanthus / BEB Capital / SK Dev; Ailanthus; BEB Capital; SK Development,Dan Penaro,Asset Manager,dpenaro@bebcapital.com,Lee Brodsky,CEO (BEB Capital),lbrodsky@bebcapital.com,,Yes,Yes,Yes,Yes
One Union Square South,"1 Union Square South, New York, NY 10003",,1998,"$5,000-$15,000",240,Related Companies,Jill Singer Graeber,Marketing Director,jsgraeber@related.com,,,,,Yes,Yes,Yes,Yes
Park & Shore,"75 Park Ln S & 2 Shore Ln, Jersey City, NJ 07310",,2019,"$4,000-$6,500",429,Strategic Capital,David Brown,Deputy Managing Director,info@strategiccapital.com,,,,,Yes,Yes,Yes,Yes
Park 23,"295 Park Avenue South, New York, NY 10010",,1900,"$3,700-$8,000",179,Abington Properties,Sal Costa,Director of Leasing,sal@abingtonholding.net,,,,,Yes,Yes,Yes,Yes
Park Francis,"235 Pavonia Avenue, Jersey City, NJ 07302",,2017,"$3,100-$5,750",99,SILVERMAN,Joseph Ratner; Patrick James Jr.,Leasing; Dir. of Property Management,joeratner@silvermangroup.net; patrick@silvermanbuilding.com,Eric Silverman,Principal,eric@silvermanbuilding.com,,Yes,Yes,Yes,Yes
Parkside Manor,"148-33 90th Avenue, Jamaica, NY 11435",,2023,"$2,500-$3,550",90,ZD Jasper Realty,,,,Andover Property Management Leasing; General Inquiry; General Leasing; Hong Lihua; Jasper Wu; Susan Wu,General; Chief Operations Officer,info@zdjasper.com; leasing@andoverpm.com; lihua@andoverpm.com; jasper@zdjasper.com; west37@zdjasper.com,,Yes,Yes,Yes,Yes
Pearl House,"160 Water Street, New York, NY 10038",,2024,"$4,375-$5,510",588,Vanbarton Group,Frank Scaffa,"Dir. of Operations, PM & Construction (East Coast)",fscaffa@vanbartongroup.com,,,,,Yes,Yes,Yes,Yes
Plank Road,"662 Pacific Street, Brooklyn, NY 11217",,2022,"$3,350-$7,700",312,The Brodsky Organization,Alexander Brodsky,Principal,abrodsky@brodskyorg.com,Dean Amro; Joe Porritt; Michelle Frucht; Rick Mason; Thomas Brodsky,"Director, Leasing and Marketing",damro@brodskyorg.com; jporritt@brodskyorg.com; mfrucht@brodskyorg.com; rmason@brodskyorg.com; tbrodsky@brodskyorg.com,,Yes,Yes,Yes,Yes
Plaza 8,"242 Hudson St, Jersey City, NJ",,,,678,Panepinto; Panepinto Properties,Gabrielle Panepinto Reiser,VP of Marketing & PR,gabrielle.reiser@panprop.com,,,,Negotiating,Yes,No,No,Yes
Plaza East,"340 East 34th Street, New York, NY 10016",,1962,"$3,595-$5,035",198,TF Cornerstone,Nenad Jerzabek,Leasing Manager,nenad.jerzabek@tfc.com,Frederick Elghanayan; Jake Elghanayan; Jared Brown; Jeremy Shell; Sofia Estevez; Steve Gonzalez; Steve N. Gonzalez,Chairman,felghanayan@tfc.com; jelghanayan@tfc.com; jared.brown@tfc.com; jshell@tfc.com; sestevez@tfc.com; sgonzalez@tfc.com; sgonzalez@tfc.com,,Yes,Yes,Yes,Yes
Prosper Brooklyn,"1042 Atlantic Avenue, Brooklyn, NY 11238",Crown Heights,2025,"$3,460-$6,700",237,EMP Atlantic LP; EMP Capital Group,Dylan Angarella; Iliana Acevedo,Vice President of Development; Senior VP New Development (MNS),info@empcapitalgroup.com; iacevedo@mns.com,Elie Pariente,Principal,epariente@empcapitalgroup.com,,Yes,Yes,Yes,Yes
Rise LIC,"29-17 40th Avenue, Long Island City, NY 11101",,2021,"$3,200-$7,000",103,SB Development / Hazelton Capital,General Contact,Operations,info@sbdevelopmentgroup.com,,,,,Yes,Yes,Yes,Yes
Riverwalk Heights,"430 Main Street, New York, NY 10044",,2025,"$3,700-$7,300",357,Related Companies,Jill Singer Graeber,Marketing Director,jsgraeber@related.com,,,,,Yes,Yes,Yes,Yes
Royce Tower,666 royce ave,Midtown,2025,"10,000 - 50,000",600,Royce Developer,,,,Royce,CEO,royhuang0103@gmail.com,,Yes,Yes,Yes,Yes
Sable NJ,"200 Greene Street, Jersey City, NJ 07311",,2017,"$2,940-$5,830",762,Veris Residential,Nicole Jones; Susan Grosso,"SVP, Chief Marketing Officer; VP, Marketing",njones@verisresidential.com; sgrosso@verisresidential.com,,,,Meeting,Yes,Yes,Yes,Yes
Silverstar,"37-14 36th Street, Long Island City, NY 11101",,2017,"$2,600-$5,700",85,SB Development,,,,,,,,Yes,Yes,Yes,No
Society Brooklyn at Degraw,"500 Degraw Street, Brooklyn, NY 11217",Gowanus,2025,"$3,995-$6,900",344,PMG,Anita D.; Kevin Maloney,Portfolio Leasing Director; CEO,anita@propertymg.com; kmaloney@propertymg.com,Amy Schulman; Brett Solomon; Ofer Yardeni; Ryan Shear; Steve Brecker; Stonehenge Management Office; Veronica Gorson,"Managing Director, Development Sales & Marketing",aschulman@stonehengenyc.com; bsolomon@stonehengenyc.com; ofer@stonehengeinvestment.com; rshear@propertymg.com; sbrecker@elliman.com,,Yes,Yes,Yes,Yes
SOLA WOODSIDE,"72-01 Queens Blvd, Woodside, NY 11377",,2024,"$2,875-$4,950",364,8 WEST; 8 WEST / Atlantic Capital Properties; The Hakimian Organization,Gavin Speaker; Janalys Capellan,Dir. of Construction and Design; Real Estate Manager,gspeaker@atlanticcapitalproperties.com; jcapellan@hakimian.com,Adam Hakimian; Jim Meyer,"CEO; Founder, Managing Partner",adam@hakimianorg.com; jmeyer@atlanticcapitalproperties.com,Negotiating,Yes,Yes,Yes,Yes
Soma,"25 Water Street, New York, NY 10004",,2025,"$4,130-$12,795",1320,GFP Real Estate,,,,,,,,Yes,Yes,Yes,No
South Park Tower,"124 W 60th St, New York, NY 10023",,1986,"$4,550-$8,450",498,The Brodsky Organization,Alexander Brodsky,Principal,abrodsky@brodskyorg.com,Dean Amro; Joe Porritt; Michelle Frucht; Rick Mason; Thomas Brodsky,"Director, Leasing and Marketing",damro@brodskyorg.com; jporritt@brodskyorg.com; mfrucht@brodskyorg.com; rmason@brodskyorg.com; tbrodsky@brodskyorg.com,,Yes,Yes,Yes,Yes
South Pierre,"160 West 71st Street, New York, NY 10023",,1923,"$2,800-$4,300",303,The Brodsky Organization,Alexander Brodsky,Principal,abrodsky@brodskyorg.com,Dean Amro; Joe Porritt; Michelle Frucht; Rick Mason; Thomas Brodsky,"Director, Leasing and Marketing",damro@brodskyorg.com; jporritt@brodskyorg.com; mfrucht@brodskyorg.com; rmason@brodskyorg.com; tbrodsky@brodskyorg.com,,Yes,Yes,Yes,Yes
Stella,"10 LeCount Place, New Rochelle, NY 10801",,2022,"$2,500-$4,200",380,LMXD,Bob Faith,"Founder, Chairman & CEO",bob@greystar.com,General Leasing; Lisa Gomez; Ron Moelis; Sarah Byrne; Scott Hall,Director of Communications + Marketing,leasing@ccmanagers.com; lgomez@lmdevpartners.com; rmoelis@lmdevpartners.com; sbyrne@lmdevpartners.com; shall@lmdevpartners.com,,Yes,Yes,Yes,Yes
Sunrose Tower,620 W 153rd St,Upper West Side,2023,3200-5575,238,The Jay Group,Raymond Werdane; Shimon Drummer,Leasing/Marketing Agent; Director of New Developments,info@bohemiarealty.com; shimon@jaygroupny.com,Jacob Kohn,Principal,info@jaygroupny.com,Negotiating,Yes,Yes,Yes,Yes
Sven,29-59 Northern Blvd,LIC,2022,"$3,348-$6,959",958,The Durst Organization,,,,Corporate Phone; Dan Mogolesko; Emmanuelle Slossberg; Joy Habian; Sven Leasing Office; Sven Leasing Team,"EVP, Director of Leasing",dmogolesko@durst.org; eslossberg@durst.org; jhabian@durst.org; svenleasing@durst.org,,Yes,Yes,Yes,Yes
Terra,"45-19 Davis Street, Long Island City, NY 11101",LIC,2024,"$3,397-$7,300",122,ZD Jasper Realty,,,,Andover Property Management Leasing; General Inquiry; General Leasing; Hong Lihua; Jasper Wu; Susan Wu,General; Chief Operations Officer,info@zdjasper.com; leasing@andoverpm.com; lihua@andoverpm.com; jasper@zdjasper.com; west37@zdjasper.com,,Yes,Yes,Yes,Yes
The Archive,"666 Greenwich Street, New York, NY 10014",,1988,"$8,250-$10,650",479,Rockrose Development,Justin Elghanayan,President,justin.elghanayan@rockrose.com,Alyssa Brennan; Anthony Grimaldi; Cassandra Andino; Henry Elghanayan; Linc LIC Leasing Office,SVP Residential Leasing and Marketing,alyssa.brennan@rockrose.com; anthony.grimaldi@rockrose.com; cassandra.andino@rockrose.com; henry.elghanayan@rockrose.com,,Yes,Yes,Yes,Yes
The Art House,"148 First Street, Jersey City, NJ 07302",,2014,"$2,895-$5,495",119,SB Development / The Shuster Group,,,,,,,,Yes,Yes,Yes,No
The Baltic Canal,"526 Baltic Street, Brooklyn, NY 11217",Boerum Hill,2025,"$3,380-$6,340",96,Watermark Capital; Watermark Capital Group,Meilech Eisenberg,Broker,meilech@wmcap.com,Wolfe Landau,Founding Partner,wlandau@wmcap.com,,Yes,Yes,Yes,Yes
The Beach,"180 River Drive, Jersey City, NJ 07310",,2020,"$2,850-$12,000",336,LeFrak,Arthur Kosmider,"Sr. Dir., Marketing & Resident Experience",akosmider@lefrak.com,,,,,Yes,Yes,Yes,Yes
The Beaux Arts,"307-310 East 44th Street, New York, NY 10017",,1930,"$3,000-$4,600",627,The Brodsky Organization,Alexander Brodsky,Principal,abrodsky@brodskyorg.com,Dean Amro; Joe Porritt; Michelle Frucht; Rick Mason; Thomas Brodsky,"Director, Leasing and Marketing",damro@brodskyorg.com; jporritt@brodskyorg.com; mfrucht@brodskyorg.com; rmason@brodskyorg.com; tbrodsky@brodskyorg.com,,Yes,Yes,Yes,Yes
The Bellslip,"1 Bell Slip, Brooklyn, NY 11222",,2022,"$3,352-$7,037",414,Brookfield Properties,Danielle Nuccio,Marketing Director,danielle.nuccio@brookfieldproperties.com,,,,,Yes,Yes,Yes,Yes
The Bold,"27-01 Jackson Ave, Long Island City, NY 11101",,2024,"$3,500-$7,000",164,Fetner Properties / Lions Group / BLDG,Sophie Scott,VP of Leasing and Marketing,sscott@fetner.com,,,,,Yes,Yes,Yes,Yes
The Brook,"567 Fulton Street, Brooklyn, NY 11201",Downtown Brooklyn,2025,"$4,305-$9,880",591,Witkoff; Witkoff Group; Witkoff Group; Apollo Global Management,Lauren Witkoff,"EVP, Sales & Marketing",witkoffl@witkoff.com,Lauren Witkoff,"Executive Vice President, Sales & Marketing",,,Yes,Yes,Yes,Yes
The Brooklyn Tower,"55 Fleet Street, Brooklyn, NY 11201",,2025,"$4,254-$15,375",398,Silverstein Properties,Dara McQuillan,Chief Marketing & Communications Officer,dmcquillan@silvprop.com,,,,,Yes,Yes,Yes,Yes
The Carteret,"208 West 23rd Street, New York, NY 10011",,1927,"$2,700-$7,800",262,The Brodsky Organization,Alexander Brodsky,Principal,abrodsky@brodskyorg.com,Dean Amro; Joe Porritt; Michelle Frucht; Rick Mason; Thomas Brodsky,"Director, Leasing and Marketing",damro@brodskyorg.com; jporritt@brodskyorg.com; mfrucht@brodskyorg.com; rmason@brodskyorg.com; tbrodsky@brodskyorg.com,,Yes,Yes,Yes,Yes
The Cortland,"555 West 22nd Street, New York, NY 10011",,2022,"$12,500-$25,500",144,Related Companies,Jill Singer Graeber,Marketing Director,jsgraeber@related.com,,,,,Yes,Yes,Yes,Yes
The Cove,"43-12 Hunter St, Long Island City, NY 11101",,2021,"$3,900-$4,600",123,Rockrose Development,Justin Elghanayan,President,justin.elghanayan@rockrose.com,Alyssa Brennan; Anthony Grimaldi; Cassandra Andino; Henry Elghanayan; Linc LIC Leasing Office,SVP Residential Leasing and Marketing,alyssa.brennan@rockrose.com; anthony.grimaldi@rockrose.com; cassandra.andino@rockrose.com; henry.elghanayan@rockrose.com,,Yes,Yes,Yes,Yes
The Danby,"170 West 225th Street, New York, NY 10463",Marble Hill,2025,"$3,220-$4,750",115,Timber Equities,Joseph Seidenfeld,Principal,joseph@timberequitiesllc.com,,,,,Yes,Yes,Yes,Yes
The Dupont,"16 Dupont Street, Brooklyn, NY 11222",Greenpoint,2024,"$3,770-$15,500",381,Rockefeller Group / Park Tower Group; Rockefeller Group; Park Tower Group,Amy Ankeles,"VP, Head of Marketing",aankeles@rockefellergroup.com,Isaac Henderson,"Managing Director, Northeast Development",,,Yes,Yes,Yes,Yes
The Easton,"205 East 92nd Street, New York, NY 10128",,2016,"$5,060-$21,310",183,Related Companies,Jill Singer Graeber,Marketing Director,jsgraeber@related.com,,,,,Yes,Yes,Yes,Yes
The Ellery,"312 West 43rd Street, New York, NY 10036",,2024,"$5,600-$11,000",330,Taconic Partners,Michael Adelstein,"VP, Commercial Asset Management",madelstein@tacon.com,Charles Bendit,Co-CEO,cbendit@taconicpartners.com,,Yes,Yes,Yes,Yes
The Elliot,"151 South Elliott Place (a/k/a 151 South Elliott), Brooklyn, NY 11217",Fort Greene,2025,"$3,350-$7,425",80,Watermark Capital; Watermark Capital Group,Meilech Eisenberg,Broker,meilech@wmcap.com,Wolfe Landau,Founding Partner,wlandau@wmcap.com,,Yes,Yes,Yes,Yes
The Everly,"180 Ashland Place, Brooklyn, NY 11217",Fort Greene,2025,"$3,465-$7,060",569,Rockrose Development,Justin Elghanayan,President,justin.elghanayan@rockrose.com,Alyssa Brennan; Anthony Grimaldi; Cassandra Andino; Henry Elghanayan; Linc LIC Leasing Office,SVP Residential Leasing and Marketing,alyssa.brennan@rockrose.com; anthony.grimaldi@rockrose.com; cassandra.andino@rockrose.com; henry.elghanayan@rockrose.com,,Yes,Yes,Yes,Yes
The Fairfax,"201 East 69th Street, New York, NY 10021",,1927,"$4,000-$12,000",313,TF Cornerstone,Nenad Jerzabek,Leasing Manager,nenad.jerzabek@tfc.com,Frederick Elghanayan; Jake Elghanayan; Jared Brown; Jeremy Shell; Sofia Estevez; Steve Gonzalez; Steve N. Gonzalez,Chairman,felghanayan@tfc.com; jelghanayan@tfc.com; jared.brown@tfc.com; jshell@tfc.com; sestevez@tfc.com; sgonzalez@tfc.com; sgonzalez@tfc.com,,Yes,Yes,Yes,Yes
The Forge,44-28 Purves St,LIC,2017,"$3,027-$6,177",272,Brause Realty & Gotham,Melissa Brause Rackoff,"Director of Leasing, Manhattan Properties",mab@brauserealty.com,David L. Picket; General Management; Gotham Organization HQ; Michelle Wells; The Forge Leasing Office; Wiam Riyad,Principal,dpicket@gothamorg.com; info@gothamorg.com; mwells@gothamorg.com; wriyad@gothamorg.com,,Yes,Yes,Yes,Yes
The Franklin,"280 West 132nd Street, New York, NY 10027",Central Harlem,2025,"$3,750-$5,695",52,Timber Equities,Joseph Seidenfeld,Principal,joseph@timberequitiesllc.com,,,,,Yes,Yes,Yes,Yes
The Hendrix,"180 Morgan Street, Jersey City, NJ 07302",,2022,"$3,300-$3,900",482,SILVERMAN,Joseph Ratner; Patrick James Jr.,Leasing; Dir. of Property Management,joeratner@silvermangroup.net; patrick@silvermanbuilding.com,Eric Silverman,Principal,eric@silvermanbuilding.com,,Yes,Yes,Yes,Yes
The Italic,"26-38 Jackson Avenue, Long Island City, NY 11101",,2025,"$3,995-$6,790",363,Fetner Properties / Lions Group / BLDG,Sophie Scott,VP of Leasing and Marketing,sscott@fetner.com,,,,,Yes,Yes,Yes,Yes
The Journal,"36 Journal Square Plaza, Jersey City, NJ 07306",Journal Square,2025,"$3,350-$6,295",1723,Kushner Real Estate Group,Ira Bloom; Phone,Director of Commercial Leasing,ibloom@kushner.com,,,,,Yes,Yes,Yes,Yes
The Lex,"227 Lexington Avenue, New York, NY 10016",,2020,"$3,200-$10,000",37,Lions Group,Aaron Shirian,Managing Director,aaron.shirian@lionsgroupnyc.com,,,,,Yes,Yes,Yes,Yes
The Lyric,"255 West 94th Street, New York, NY 10025",,2001,"$4,800-$10,400",285,Related Companies,Jill Singer Graeber,Marketing Director,jsgraeber@related.com,,,,,Yes,Yes,Yes,Yes
The Max,"606 West 57th Street, New York, NY 10019",,2018,"$3,725-$7,205",1028,TF Cornerstone,Nenad Jerzabek,Leasing Manager,nenad.jerzabek@tfc.com,Frederick Elghanayan; Jake Elghanayan; Jared Brown; Jeremy Shell; Sofia Estevez; Steve Gonzalez; Steve N. Gonzalez,Chairman,felghanayan@tfc.com; jelghanayan@tfc.com; jared.brown@tfc.com; jshell@tfc.com; sestevez@tfc.com; sgonzalez@tfc.com; sgonzalez@tfc.com,,Yes,Yes,Yes,Yes
The One,"110 1st St, Jersey City, NJ 07302",,,"$3,325-$4,295",439,Kushner,,,,,,,Lost,Yes,No,Yes,No
The One NJ,"110 1st St, Jersey City, NJ 07302",,2015,"$3,300-$4,300",439,Kushner / BLDG / Ares Mgmt,,,,,,,,Yes,Yes,Yes,No
The Orchard,"42-06 Orchard Street, Long Island City, NY 11101",,2026,"$3,830-$12,488",824,BLDG Management,Mickey Napolitano,SVP / Dir. of Residential RE,mickey@bldg.com,Lloyd Goldman,Principal,info@bfreo.com,,Yes,Yes,Yes,Yes
The Park Imperial,"230 West 56th Street, New York, NY 10019",,2002,"$18,500",108,Related Companies,Jill Singer Graeber,Marketing Director,jsgraeber@related.com,,,,,Yes,Yes,Yes,Yes
The Pearson Court Square,"45-50 Pearson Street, Long Island City, NY 11101",LIC,2014,"$3,089-$5,001",197,LMXD,Bob Faith,"Founder, Chairman & CEO",bob@greystar.com,General Leasing; Lisa Gomez; Ron Moelis; Sarah Byrne; Scott Hall,Director of Communications + Marketing,leasing@ccmanagers.com; lgomez@lmdevpartners.com; rmoelis@lmdevpartners.com; sbyrne@lmdevpartners.com; shall@lmdevpartners.com,,Yes,Yes,Yes,Yes
The Rocklyn,"20 Rockwell Place, Brooklyn, NY 11201",Fort Greene,2025,"$3,253-$8,595",1098,Rabsky Group,Zelig Weiss,Director of Development,zelig@rabskygroup.com,,,,,Yes,Yes,Yes,Yes
The Soho Abbey,"284 Mott Street, New York, NY 10012",,1991,"$4,500-$6,500",162,Abington Properties,Sal Costa,Director of Leasing,sal@abingtonholding.net,,,,,Yes,Yes,Yes,Yes
The Sophia,"5055 Broadway, New York, NY 10034",Inwood,2025,"$3,220-$5,475",60,Timber Equities,Joseph Seidenfeld,Principal,joseph@timberequitiesllc.com,,,,,Yes,Yes,Yes,Yes
The Tate,"535 West 23rd Street, New York, NY 10011",,2002,"$4,500-$10,000",313,Related Companies,Jill Singer Graeber,Marketing Director,jsgraeber@related.com,,,,,Yes,Yes,Yes,Yes
The Ventura,"240 East 86th Street, New York, NY 10028",,1997,"$3,900-$10,000",246,Related Companies,Jill Singer Graeber,Marketing Director,jsgraeber@related.com,,,,,Yes,Yes,Yes,Yes
The Vista,"44-15 Purves Street, Long Island City, NY 11101",,2014,"$3,900-$4,000",48,Emmy Homes / Lions Group NY,JP Porretto,Director of Operations (Lions Group),info@lionsgrp.com,John Garthchester,Owner,info@garthchester.com,,Yes,Yes,Yes,Yes
The Welz,"159 Boerum Street, Brooklyn, NY 11206",Williamsburg,2025,$4,162,SPG Boerum LLC; SPG Boerum LLC (Slate Property Group),Daniel Hochberg,"MD, Property Management",info@slatepg.com,,,,,Yes,Yes,Yes,Yes
The West Coast,"95 Horatio Street, New York, NY 10014",,1930,"$5,000-$16,000",317,TF Cornerstone,Nenad Jerzabek,Leasing Manager,nenad.jerzabek@tfc.com,Frederick Elghanayan; Jake Elghanayan; Jared Brown; Jeremy Shell; Sofia Estevez; Steve Gonzalez; Steve N. Gonzalez,Chairman,felghanayan@tfc.com; jelghanayan@tfc.com; jared.brown@tfc.com; jshell@tfc.com; sestevez@tfc.com; sgonzalez@tfc.com; sgonzalez@tfc.com,,Yes,Yes,Yes,Yes
The Westminster,"180 West 20th Street, New York, NY 10011",,2000,"$5,460-$12,340",254,Related Companies,Jill Singer Graeber,Marketing Director,jsgraeber@related.com,,,,,Yes,Yes,Yes,Yes
The Westport,"500 West 56th Street, New York, NY 10019",,2002,"$4,200-$8,290",371,Related Companies,Jill Singer Graeber,Marketing Director,jsgraeber@related.com,,,,,Yes,Yes,Yes,Yes
The Yellowstone Forest Hills,"69-65 Yellowstone Boulevard, Forest Hills, NY 11375",,2023,"$3,000-$4,900",166,Slate Property Group,,,,,,,,Yes,Yes,Yes,No
Three Williamsburg Wharf,"482 Kent Avenue, Brooklyn, NY 11249",Williamsburg,2025,"$2,600-$15,500",249,Naftali Group,Danielle Naftali,EVP of Marketing + Design,dnaftali@naftaligroup.com,Danielle Naftali,"Executive Vice President of Marketing, Sales & Design",,,Yes,Yes,Yes,Yes
Tower 28,"42-12 28th Street, Long Island City, NY 11101",LIC,2017,"$3,963-$7,530",451,Heatherwood Communities,Nicole Massa,Director of Leasing,nmassa@heatherwood.com,Douglas Partrick; General Inquiries; Jodi Brennan; Rickey Piazza; Tara Bernhardt,Principal,dpartrick@heatherwood.com; info@heatherwood.com; jbrennan@heatherwood.com; rpiazza@heatherwood.com; tbernhardt@heatherwood.com,,Yes,Yes,Yes,Yes
Tribeca Abbey,"121 Reade Street, New York, NY 10013",,1997,"$4,150-$8,995",121,Abington Properties,Sal Costa,Director of Leasing,sal@abingtonholding.net,,,,,Yes,Yes,Yes,Yes
Tribeca Park,"400 Chambers Street, New York, NY 10282",,1999,"$5,000-$9,000",396,Related Companies,Jill Singer Graeber,Marketing Director,jsgraeber@related.com,,,,,Yes,Yes,Yes,Yes
TRIO,"27-19 Thomson Avenue, Long Island City, NY 11101",,2022,"$2,900-$6,700",34,ZD Jasper Realty,,,,Andover Property Management Leasing; General Inquiry; General Leasing; Hong Lihua; Jasper Wu; Susan Wu,General; Chief Operations Officer,info@zdjasper.com; leasing@andoverpm.com; lihua@andoverpm.com; jasper@zdjasper.com; west37@zdjasper.com,,Yes,Yes,Yes,Yes
Tryon North,"4778 Broadway, New York, NY 10034",Inwood,2024,"$3,125-$4,700",88,MADDD Equities,Jorge Madruga,CEO / Founder,info@madddequities.com,,,,,Yes,Yes,Yes,Yes
Two Williamsburg Wharf,"478 Kent Avenue, Brooklyn, NY 11249",Williamsburg,2025,"$2,300-$8,850",86,Naftali Group,Danielle Naftali,EVP of Marketing + Design,dnaftali@naftaligroup.com,Danielle Naftali,"Executive Vice President of Marketing, Sales & Design",,,Yes,Yes,Yes,Yes
vandar water,"543 W 122nd St, New York, NY 10027",,2019,"$6,000-$8,000",183,Savanna,Brian Reiver,Chief Real Estate Officer,breiver@savannafund.com,,,,,Yes,Yes,Yes,Yes
Vandewater,"543 West 122nd Street, New York, NY 10027",,,"$6,300-$6,500",183,Savanna,Brian Reiver,Chief Real Estate Officer,breiver@savannafund.com,,,,,Yes,No,Yes,Yes
Via,"625 W 57th St, New York, NY 10019",,2016,"$4,100-$6,692",709,The Durst Organization,,,,Corporate Phone; Dan Mogolesko; Emmanuelle Slossberg; Joy Habian; Sven Leasing Office; Sven Leasing Team,"EVP, Director of Leasing",dmogolesko@durst.org; eslossberg@durst.org; jhabian@durst.org; svenleasing@durst.org,,Yes,Yes,Yes,Yes
Vida 52,"43-15 52nd Street, Woodside, NY 11377",,2023,"$2,700-$4,300",87,ZD Jasper Realty,,,,Andover Property Management Leasing; General Inquiry; General Leasing; Hong Lihua; Jasper Wu; Susan Wu,General; Chief Operations Officer,info@zdjasper.com; leasing@andoverpm.com; lihua@andoverpm.com; jasper@zdjasper.com; west37@zdjasper.com,,Yes,Yes,Yes,Yes
Waterline Square,"400 W 61st St, New York, NY 10023 (primary; complex at 400 W 61st St, 645 W 59th St, 675 W 59th St, New York, NY 10023)",,2020,"$7,700-$26,500",643,GID Development Group,Christi Samuelian,"SVP, Sales and Marketing",christi.samuelian@gid.com,John F. Gagnier,President,jgagnier@gid.com,,Yes,Yes,Yes,Yes
West End Towers,"55-75 West End Avenue, New York, NY 10023",,1994,"$3,600-$7,500",1000,The Brodsky Organization,Alexander Brodsky,Principal,abrodsky@brodskyorg.com,Dean Amro; Joe Porritt; Michelle Frucht; Rick Mason; Thomas Brodsky,"Director, Leasing and Marketing",damro@brodskyorg.com; jporritt@brodskyorg.com; mfrucht@brodskyorg.com; rmason@brodskyorg.com; tbrodsky@brodskyorg.com,,Yes,Yes,Yes,Yes
West Side Square (coming soon),"1075 West Side Ave, Jersey City, NJ 07306",,,,834,Lanterra / Westdale / Lantree / Altree,Marisa DeBrincat,Marketing Contact,mdebrincat@lanterradev.com,,,,,Yes,No,No,Yes
