序号,分类,子分类,违禁词/用语,风险等级,说明/备注
1,绝对化/极限用语,与极有关,极致,高,直接触发审核，可能限流或删除
2,绝对化/极限用语,与极有关,极品,高,直接触发审核，可能限流或删除
3,绝对化/极限用语,与极有关,极佳,高,直接触发审核，可能限流或删除
4,绝对化/极限用语,与极有关,终极,高,直接触发审核，可能限流或删除
5,绝对化/极限用语,与极有关,致极,高,直接触发审核，可能限流或删除
6,绝对化/极限用语,与极有关,国际级,高,直接触发审核，可能限流或删除
7,绝对化/极限用语,与极有关,世界级,高,直接触发审核，可能限流或删除
8,绝对化/极限用语,与极有关,全球级,高,直接触发审核，可能限流或删除
9,绝对化/极限用语,与极有关,千万级,高,直接触发审核，可能限流或删除
10,绝对化/极限用语,与极有关,特级,高,直接触发审核，可能限流或删除
11,绝对化/极限用语,与极有关,宇宙级,高,直接触发审核，可能限流或删除
12,绝对化/极限用语,与最有关,最佳,高,直接触发审核，可能限流或删除
13,绝对化/极限用语,与最有关,最具,高,直接触发审核，可能限流或删除
14,绝对化/极限用语,与最有关,最优,高,直接触发审核，可能限流或删除
15,绝对化/极限用语,与最有关,最好,高,直接触发审核，可能限流或删除
16,绝对化/极限用语,与最有关,最高级,高,直接触发审核，可能限流或删除
17,绝对化/极限用语,与最有关,最低,高,直接触发审核，可能限流或删除
18,绝对化/极限用语,与最有关,最便宜,高,直接触发审核，可能限流或删除
19,绝对化/极限用语,与最有关,最受欢迎,高,直接触发审核，可能限流或删除
20,绝对化/极限用语,与最有关,最时尚,高,直接触发审核，可能限流或删除
21,绝对化/极限用语,与最有关,最舒适,高,直接触发审核，可能限流或删除
22,绝对化/极限用语,与最有关,最后,高,直接触发审核，可能限流或删除
23,绝对化/极限用语,与最有关,最新,高,直接触发审核，可能限流或删除
24,绝对化/极限用语,与最有关,最爱,高,直接触发审核，可能限流或删除
25,绝对化/极限用语,与最有关,最大,高,直接触发审核，可能限流或删除
26,绝对化/极限用语,与最有关,最高档,高,直接触发审核，可能限流或删除
27,绝对化/极限用语,与最有关,最聚拢,高,直接触发审核，可能限流或删除
28,绝对化/极限用语,与最有关,最先,高,直接触发审核，可能限流或删除
29,绝对化/极限用语,与最有关,最赚,高,直接触发审核，可能限流或删除
30,绝对化/极限用语,与最有关,最奢侈,高,直接触发审核，可能限流或删除
31,绝对化/极限用语,与最有关,最流行,高,直接触发审核，可能限流或删除
32,绝对化/极限用语,与最有关,最符合,高,直接触发审核，可能限流或删除
33,绝对化/极限用语,与最有关,最先进,高,直接触发审核，可能限流或删除
34,绝对化/极限用语,与最有关,最低级,高,直接触发审核，可能限流或删除
35,绝对化/极限用语,与最有关,最低价,高,直接触发审核，可能限流或删除
36,绝对化/极限用语,与最有关,最底,高,直接触发审核，可能限流或删除
37,绝对化/极限用语,与最有关,最大程度,高,直接触发审核，可能限流或删除
38,绝对化/极限用语,与最有关,最新技术,高,直接触发审核，可能限流或删除
39,绝对化/极限用语,与最有关,最先进科学,高,直接触发审核，可能限流或删除
40,绝对化/极限用语,与最有关,最新科技,高,直接触发审核，可能限流或删除
41,绝对化/极限用语,与最有关,最先进加工工艺,高,直接触发审核，可能限流或删除
42,绝对化/极限用语,与最有关,最先享受,高,直接触发审核，可能限流或删除
43,绝对化/极限用语,与最有关,最后一波,高,直接触发审核，可能限流或删除
44,绝对化/极限用语,与最有关,最优秀,高,直接触发审核，可能限流或删除
45,绝对化/极限用语,与一/第一有关,第一,高,直接触发审核，可能限流或删除
46,绝对化/极限用语,与一/第一有关,中国第一,高,直接触发审核，可能限流或删除
47,绝对化/极限用语,与一/第一有关,全网第一,高,直接触发审核，可能限流或删除
48,绝对化/极限用语,与一/第一有关,销量第一,高,直接触发审核，可能限流或删除
49,绝对化/极限用语,与一/第一有关,排名第一,高,直接触发审核，可能限流或删除
50,绝对化/极限用语,与一/第一有关,唯一,高,直接触发审核，可能限流或删除
51,绝对化/极限用语,与一/第一有关,第一品牌,高,直接触发审核，可能限流或删除
52,绝对化/极限用语,与一/第一有关,NO.1,高,直接触发审核，可能限流或删除
53,绝对化/极限用语,与一/第一有关,TOP.1,高,直接触发审核，可能限流或删除
54,绝对化/极限用语,与一/第一有关,独一无二,高,直接触发审核，可能限流或删除
55,绝对化/极限用语,与一/第一有关,全国第一,高,直接触发审核，可能限流或删除
56,绝对化/极限用语,与一/第一有关,一流,高,直接触发审核，可能限流或删除
57,绝对化/极限用语,与一/第一有关,仅此一次,高,直接触发审核，可能限流或删除
58,绝对化/极限用语,与一/第一有关,仅此一款,高,直接触发审核，可能限流或删除
59,绝对化/极限用语,与一/第一有关,最后一波,高,直接触发审核，可能限流或删除
60,绝对化/极限用语,与一/第一有关,全国X大品牌之一,高,直接触发审核，可能限流或删除
61,绝对化/极限用语,与首/家/国有关,首个,高,直接触发审核，可能限流或删除
62,绝对化/极限用语,与首/家/国有关,首选,高,直接触发审核，可能限流或删除
63,绝对化/极限用语,与首/家/国有关,独家,高,直接触发审核，可能限流或删除
64,绝对化/极限用语,与首/家/国有关,独家配方,高,直接触发审核，可能限流或删除
65,绝对化/极限用语,与首/家/国有关,全网首发,高,直接触发审核，可能限流或删除
66,绝对化/极限用语,与首/家/国有关,全国首发,高,直接触发审核，可能限流或删除
67,绝对化/极限用语,与首/家/国有关,首次,高,直接触发审核，可能限流或删除
68,绝对化/极限用语,与首/家/国有关,首款,高,直接触发审核，可能限流或删除
69,绝对化/极限用语,与首/家/国有关,全国销量冠军,高,直接触发审核，可能限流或删除
70,绝对化/极限用语,与首/家/国有关,国家级产品,高,直接触发审核，可能限流或删除
71,绝对化/极限用语,与首/家/国有关,国家免检,高,直接触发审核，可能限流或删除
72,绝对化/极限用语,与首/家/国有关,填补国内空白,高,直接触发审核，可能限流或删除
73,绝对化/极限用语,与首/家/国有关,中国驰名,高,直接触发审核，可能限流或删除
74,绝对化/极限用语,与首/家/国有关,驰名商标,高,直接触发审核，可能限流或删除
75,绝对化/极限用语,与首/家/国有关,国际品质,高,直接触发审核，可能限流或删除
76,绝对化/极限用语,与首/家/国有关,首屈一指,高,直接触发审核，可能限流或删除
77,绝对化/极限用语,与首/家/国有关,全国首家,高,直接触发审核，可能限流或删除
78,绝对化/极限用语,与首/家/国有关,全球首发,高,直接触发审核，可能限流或删除
79,绝对化/极限用语,极限词/夸张词,顶级,高,直接触发审核，可能限流或删除
80,绝对化/极限用语,极限词/夸张词,顶尖,高,直接触发审核，可能限流或删除
81,绝对化/极限用语,极限词/夸张词,尖端,高,直接触发审核，可能限流或删除
82,绝对化/极限用语,极限词/夸张词,高级,高,直接触发审核，可能限流或删除
83,绝对化/极限用语,极限词/夸张词,绝佳,高,直接触发审核，可能限流或删除
84,绝对化/极限用语,极限词/夸张词,绝对,高,直接触发审核，可能限流或删除
85,绝对化/极限用语,极限词/夸张词,完美,高,直接触发审核，可能限流或删除
86,绝对化/极限用语,极限词/夸张词,至尊,高,直接触发审核，可能限流或删除
87,绝对化/极限用语,极限词/夸张词,至臻,高,直接触发审核，可能限流或删除
88,绝对化/极限用语,极限词/夸张词,臻品,高,直接触发审核，可能限流或删除
89,绝对化/极限用语,极限词/夸张词,压轴,高,直接触发审核，可能限流或删除
90,绝对化/极限用语,极限词/夸张词,问鼎,高,直接触发审核，可能限流或删除
91,绝对化/极限用语,极限词/夸张词,空前,高,直接触发审核，可能限流或删除
92,绝对化/极限用语,极限词/夸张词,绝后,高,直接触发审核，可能限流或删除
93,绝对化/极限用语,极限词/夸张词,绝版,高,直接触发审核，可能限流或删除
94,绝对化/极限用语,极限词/夸张词,无双,高,直接触发审核，可能限流或删除
95,绝对化/极限用语,极限词/夸张词,非此莫属,高,直接触发审核，可能限流或删除
96,绝对化/极限用语,极限词/夸张词,巅峰,高,直接触发审核，可能限流或删除
97,绝对化/极限用语,极限词/夸张词,前所未有,高,直接触发审核，可能限流或删除
98,绝对化/极限用语,极限词/夸张词,无人能及,高,直接触发审核，可能限流或删除
99,绝对化/极限用语,极限词/夸张词,鼎级,高,直接触发审核，可能限流或删除
100,绝对化/极限用语,极限词/夸张词,鼎冠,高,直接触发审核，可能限流或删除
101,绝对化/极限用语,极限词/夸张词,翘楚之作,高,直接触发审核，可能限流或删除
102,绝对化/极限用语,极限词/夸张词,不可再生,高,直接触发审核，可能限流或删除
103,绝对化/极限用语,极限词/夸张词,不可复制,高,直接触发审核，可能限流或删除
104,绝对化/极限用语,极限词/夸张词,绝无仅有,高,直接触发审核，可能限流或删除
105,绝对化/极限用语,极限词/夸张词,寸土寸金,高,直接触发审核，可能限流或删除
106,绝对化/极限用语,极限词/夸张词,无与伦比,高,直接触发审核，可能限流或删除
107,绝对化/极限用语,极限词/夸张词,卓越,高,直接触发审核，可能限流或删除
108,绝对化/极限用语,极限词/夸张词,卓著,高,直接触发审核，可能限流或删除
109,品牌相关违禁词,品牌宣传用语,大牌,高,涉嫌品牌夸大宣传
110,品牌相关违禁词,品牌宣传用语,金牌,高,涉嫌品牌夸大宣传
111,品牌相关违禁词,品牌宣传用语,名牌,高,涉嫌品牌夸大宣传
112,品牌相关违禁词,品牌宣传用语,王牌,高,涉嫌品牌夸大宣传
113,品牌相关违禁词,品牌宣传用语,领袖品牌,高,涉嫌品牌夸大宣传
114,品牌相关违禁词,品牌宣传用语,至尊,高,涉嫌品牌夸大宣传
115,品牌相关违禁词,品牌宣传用语,巅峰,高,涉嫌品牌夸大宣传
116,品牌相关违禁词,品牌宣传用语,奢侈,高,涉嫌品牌夸大宣传
117,品牌相关违禁词,品牌宣传用语,优秀,高,涉嫌品牌夸大宣传
118,品牌相关违禁词,品牌宣传用语,领导者,高,涉嫌品牌夸大宣传
119,品牌相关违禁词,品牌宣传用语,缔造者,高,涉嫌品牌夸大宣传
120,品牌相关违禁词,品牌宣传用语,创领品牌,高,涉嫌品牌夸大宣传
121,品牌相关违禁词,品牌宣传用语,领先上市,高,涉嫌品牌夸大宣传
122,品牌相关违禁词,品牌宣传用语,巨星,高,涉嫌品牌夸大宣传
123,品牌相关违禁词,品牌宣传用语,著名,高,涉嫌品牌夸大宣传
124,品牌相关违禁词,品牌宣传用语,掌门人,高,涉嫌品牌夸大宣传
125,品牌相关违禁词,品牌宣传用语,资深领袖,高,涉嫌品牌夸大宣传
126,品牌相关违禁词,品牌宣传用语,之王,高,涉嫌品牌夸大宣传
127,品牌相关违禁词,品牌宣传用语,王者,高,涉嫌品牌夸大宣传
128,品牌相关违禁词,品牌宣传用语,冠军,高,涉嫌品牌夸大宣传
129,品牌相关违禁词,品牌宣传用语,世界领先,高,涉嫌品牌夸大宣传
130,品牌相关违禁词,品牌宣传用语,遥遥领先,高,涉嫌品牌夸大宣传
131,品牌相关违禁词,品牌宣传用语,销量冠军,高,涉嫌品牌夸大宣传
132,权威性违禁词,权威性用语,老字号,高,涉嫌虚假权威背书
133,权威性违禁词,权威性用语,中国驰名商标,高,涉嫌虚假权威背书
134,权威性违禁词,权威性用语,特供,高,涉嫌虚假权威背书
135,权威性违禁词,权威性用语,专供,高,涉嫌虚假权威背书
136,权威性违禁词,权威性用语,专家推荐,高,涉嫌虚假权威背书
137,权威性违禁词,权威性用语,质量免检,高,涉嫌虚假权威背书
138,权威性违禁词,权威性用语,无需国家质量检测,高,涉嫌虚假权威背书
139,权威性违禁词,权威性用语,免抽检,高,涉嫌虚假权威背书
140,权威性违禁词,权威性用语,国家领导人推荐,高,涉嫌虚假权威背书
141,权威性违禁词,权威性用语,国家机关推荐,高,涉嫌虚假权威背书
142,权威性违禁词,权威性用语,使用人民币图样,高,涉嫌虚假权威背书
143,虚假用语,虚假宣传用语,永久,高,违反广告法，涉嫌虚假宣传
144,虚假用语,虚假宣传用语,万能,高,违反广告法，涉嫌虚假宣传
145,虚假用语,虚假宣传用语,特效,高,违反广告法，涉嫌虚假宣传
146,虚假用语,虚假宣传用语,无敌,高,违反广告法，涉嫌虚假宣传
147,虚假用语,虚假宣传用语,纯天然,高,违反广告法，涉嫌虚假宣传
148,虚假用语,虚假宣传用语,100%,高,违反广告法，涉嫌虚假宣传
149,虚假用语,虚假宣传用语,高档,高,违反广告法，涉嫌虚假宣传
150,虚假用语,虚假宣传用语,正品,高,违反广告法，涉嫌虚假宣传
151,虚假用语,虚假宣传用语,真皮,高,违反广告法，涉嫌虚假宣传
152,虚假用语,虚假宣传用语,超赚,高,违反广告法，涉嫌虚假宣传
153,虚假用语,虚假宣传用语,精准,高,违反广告法，涉嫌虚假宣传
154,虚假用语,虚假宣传用语,史无前例,高,违反广告法，涉嫌虚假宣传
155,虚假用语,虚假宣传用语,前无古人,高,违反广告法，涉嫌虚假宣传
156,虚假用语,虚假宣传用语,祖传,高,违反广告法，涉嫌虚假宣传
157,承诺/保证类违禁词,承诺保证用语,无效退款,高,涉嫌虚假承诺，误导消费者
158,承诺/保证类违禁词,承诺保证用语,不满意退款,高,涉嫌虚假承诺，误导消费者
159,承诺/保证类违禁词,承诺保证用语,零风险,高,涉嫌虚假承诺，误导消费者
160,承诺/保证类违禁词,承诺保证用语,特效,高,涉嫌虚假承诺，误导消费者
161,承诺/保证类违禁词,承诺保证用语,强效,高,涉嫌虚假承诺，误导消费者
162,承诺/保证类违禁词,承诺保证用语,速效,高,涉嫌虚假承诺，误导消费者
163,承诺/保证类违禁词,承诺保证用语,保证彻底解决,高,涉嫌虚假承诺，误导消费者
164,承诺/保证类违禁词,承诺保证用语,1天见效,高,涉嫌虚假承诺，误导消费者
165,承诺/保证类违禁词,承诺保证用语,100%有效,高,涉嫌虚假承诺，误导消费者
166,承诺/保证类违禁词,承诺保证用语,无依赖,高,涉嫌虚假承诺，误导消费者
167,承诺/保证类违禁词,承诺保证用语,无副作用,高,涉嫌虚假承诺，误导消费者
168,承诺/保证类违禁词,承诺保证用语,彻底消除,高,涉嫌虚假承诺，误导消费者
169,承诺/保证类违禁词,承诺保证用语,彻底清除,高,涉嫌虚假承诺，误导消费者
170,承诺/保证类违禁词,承诺保证用语,包过,高,涉嫌虚假承诺，误导消费者
171,承诺/保证类违禁词,承诺保证用语,一次通过,高,涉嫌虚假承诺，误导消费者
172,承诺/保证类违禁词,承诺保证用语,升值,高,涉嫌虚假承诺，误导消费者
173,承诺/保证类违禁词,承诺保证用语,投资回报,高,涉嫌虚假承诺，误导消费者
174,承诺/保证类违禁词,承诺保证用语,不用学直接选,高,涉嫌虚假承诺，误导消费者
175,涉嫌欺诈/诱导消费,诱导点击用语,点击领奖,高,涉嫌欺诈或诱导消费
176,涉嫌欺诈/诱导消费,诱导点击用语,恭喜获奖,高,涉嫌欺诈或诱导消费
177,涉嫌欺诈/诱导消费,诱导点击用语,全民免单,高,涉嫌欺诈或诱导消费
178,涉嫌欺诈/诱导消费,诱导点击用语,点击有惊喜,高,涉嫌欺诈或诱导消费
179,涉嫌欺诈/诱导消费,诱导点击用语,点击获取,高,涉嫌欺诈或诱导消费
180,涉嫌欺诈/诱导消费,诱导点击用语,领取奖品,高,涉嫌欺诈或诱导消费
181,涉嫌欺诈/诱导消费,诱导点击用语,转发三三子,高,涉嫌欺诈或诱导消费
182,涉嫌欺诈/诱导消费,诱导点击用语,一键三连,高,涉嫌欺诈或诱导消费
183,涉嫌欺诈/诱导消费,刺激消费用语,秒杀,中,可能触发审核或限流
184,涉嫌欺诈/诱导消费,刺激消费用语,抢爆,中,可能触发审核或限流
185,涉嫌欺诈/诱导消费,刺激消费用语,再不抢就没了,中,可能触发审核或限流
186,涉嫌欺诈/诱导消费,刺激消费用语,不会更便宜了,中,可能触发审核或限流
187,涉嫌欺诈/诱导消费,刺激消费用语,错过就没机会了,中,可能触发审核或限流
188,涉嫌欺诈/诱导消费,刺激消费用语,万人疯抢,中,可能触发审核或限流
189,涉嫌欺诈/诱导消费,刺激消费用语,全民疯抢,中,可能触发审核或限流
190,涉嫌欺诈/诱导消费,刺激消费用语,全民抢购,中,可能触发审核或限流
191,涉嫌欺诈/诱导消费,刺激消费用语,抢疯了,中,可能触发审核或限流
192,涉嫌欺诈/诱导消费,刺激消费用语,卖疯了,中,可能触发审核或限流
193,疑似医疗用语,内分泌/免疫/助眠,全面调整人体内分泌平衡,高,普通商品禁用医疗用语，违反广告法
194,疑似医疗用语,内分泌/免疫/助眠,增强或提高免疫力,高,普通商品禁用医疗用语，违反广告法
195,疑似医疗用语,内分泌/免疫/助眠,助眠,高,普通商品禁用医疗用语，违反广告法
196,疑似医疗用语,内分泌/免疫/助眠,失眠,高,普通商品禁用医疗用语，违反广告法
197,疑似医疗用语,内分泌/免疫/助眠,滋阴补阳,高,普通商品禁用医疗用语，违反广告法
198,疑似医疗用语,内分泌/免疫/助眠,壮阳,高,普通商品禁用医疗用语，违反广告法
199,疑似医疗用语,皮肤修复/消炎,消炎,高,普通商品禁用医疗用语，违反广告法
200,疑似医疗用语,皮肤修复/消炎,可促进新陈代谢,高,普通商品禁用医疗用语，违反广告法
201,疑似医疗用语,皮肤修复/消炎,减少红血丝,高,普通商品禁用医疗用语，违反广告法
202,疑似医疗用语,皮肤修复/消炎,修复受损肌肤,高,普通商品禁用医疗用语，违反广告法
203,疑似医疗用语,皮肤修复/消炎,治愈,高,普通商品禁用医疗用语，违反广告法
204,疑似医疗用语,皮肤修复/消炎,抗炎,高,普通商品禁用医疗用语，违反广告法
205,疑似医疗用语,皮肤修复/消炎,活血,高,普通商品禁用医疗用语，违反广告法
206,疑似医疗用语,皮肤修复/消炎,解毒,高,普通商品禁用医疗用语，违反广告法
207,疑似医疗用语,皮肤修复/消炎,抗敏,高,普通商品禁用医疗用语，违反广告法
208,疑似医疗用语,皮肤修复/消炎,脱敏,高,普通商品禁用医疗用语，违反广告法
209,疑似医疗用语,减肥/杀菌/排毒,减肥,高,普通商品禁用医疗用语，违反广告法
210,疑似医疗用语,减肥/杀菌/排毒,清热解毒,高,普通商品禁用医疗用语，违反广告法
211,疑似医疗用语,减肥/杀菌/排毒,清热袪湿,高,普通商品禁用医疗用语，违反广告法
212,疑似医疗用语,减肥/杀菌/排毒,治疗,高,普通商品禁用医疗用语，违反广告法
213,疑似医疗用语,减肥/杀菌/排毒,除菌,高,普通商品禁用医疗用语，违反广告法
214,疑似医疗用语,减肥/杀菌/排毒,杀菌,高,普通商品禁用医疗用语，违反广告法
215,疑似医疗用语,减肥/杀菌/排毒,抗菌,高,普通商品禁用医疗用语，违反广告法
216,疑似医疗用语,减肥/杀菌/排毒,灭菌,高,普通商品禁用医疗用语，违反广告法
217,疑似医疗用语,减肥/杀菌/排毒,防菌,高,普通商品禁用医疗用语，违反广告法
218,疑似医疗用语,减肥/杀菌/排毒,消毒,高,普通商品禁用医疗用语，违反广告法
219,疑似医疗用语,减肥/杀菌/排毒,排毒,高,普通商品禁用医疗用语，违反广告法
220,疑似医疗用语,敏感肌肤相关,防敏,高,普通商品禁用医疗用语，违反广告法
221,疑似医疗用语,敏感肌肤相关,柔敏,高,普通商品禁用医疗用语，违反广告法
222,疑似医疗用语,敏感肌肤相关,舒敏,高,普通商品禁用医疗用语，违反广告法
223,疑似医疗用语,敏感肌肤相关,缓敏,高,普通商品禁用医疗用语，违反广告法
224,疑似医疗用语,敏感肌肤相关,脱敏,高,普通商品禁用医疗用语，违反广告法
225,疑似医疗用语,敏感肌肤相关,褪敏,高,普通商品禁用医疗用语，违反广告法
226,疑似医疗用语,敏感肌肤相关,改善敏感肌肤,高,普通商品禁用医疗用语，违反广告法
227,疑似医疗用语,敏感肌肤相关,改善过敏现象,高,普通商品禁用医疗用语，违反广告法
228,疑似医疗用语,敏感肌肤相关,降低肌肤敏感度,高,普通商品禁用医疗用语，违反广告法
229,疑似医疗用语,中医药理用语,镇定,高,普通商品禁用医疗用语，违反广告法
230,疑似医疗用语,中医药理用语,镇静,高,普通商品禁用医疗用语，违反广告法
231,疑似医疗用语,中医药理用语,理气,高,普通商品禁用医疗用语，违反广告法
232,疑似医疗用语,中医药理用语,行气,高,普通商品禁用医疗用语，违反广告法
233,疑似医疗用语,中医药理用语,活血,高,普通商品禁用医疗用语，违反广告法
234,疑似医疗用语,中医药理用语,生肌肉,高,普通商品禁用医疗用语，违反广告法
235,疑似医疗用语,中医药理用语,补血,高,普通商品禁用医疗用语，违反广告法
236,疑似医疗用语,中医药理用语,安神,高,普通商品禁用医疗用语，违反广告法
237,疑似医疗用语,中医药理用语,养脑,高,普通商品禁用医疗用语，违反广告法
238,疑似医疗用语,中医药理用语,益气,高,普通商品禁用医疗用语，违反广告法
239,疑似医疗用语,中医药理用语,通脉,高,普通商品禁用医疗用语，违反广告法
240,疑似医疗用语,调理/补肾/生发,胃胀蠕动,高,普通商品禁用医疗用语，违反广告法
241,疑似医疗用语,调理/补肾/生发,利尿,高,普通商品禁用医疗用语，违反广告法
242,疑似医疗用语,调理/补肾/生发,驱寒解毒,高,普通商品禁用医疗用语，违反广告法
243,疑似医疗用语,调理/补肾/生发,调节内分泌,高,普通商品禁用医疗用语，违反广告法
244,疑似医疗用语,调理/补肾/生发,延缓更年期,高,普通商品禁用医疗用语，违反广告法
245,疑似医疗用语,调理/补肾/生发,补肾,高,普通商品禁用医疗用语，违反广告法
246,疑似医疗用语,调理/补肾/生发,祛风,高,普通商品禁用医疗用语，违反广告法
247,疑似医疗用语,调理/补肾/生发,生发,高,普通商品禁用医疗用语，违反广告法
248,疑似医疗用语,重大疾病,防癌,高,普通商品禁用医疗用语，违反广告法
249,疑似医疗用语,重大疾病,抗癌,高,普通商品禁用医疗用语，违反广告法
250,疑似医疗用语,血压/祛疤,祛疤,高,普通商品禁用医疗用语，违反广告法
251,疑似医疗用语,血压/祛疤,降血压,高,普通商品禁用医疗用语，违反广告法
252,疑似医疗用语,血压/祛疤,防治高血压,高,普通商品禁用医疗用语，违反广告法
253,疑似医疗用语,血压/祛疤,治疗,高,普通商品禁用医疗用语，违反广告法
254,疑似医疗用语,荷尔蒙/排毒,改善内分泌,高,普通商品禁用医疗用语，违反广告法
255,疑似医疗用语,荷尔蒙/排毒,平衡荷尔蒙,高,普通商品禁用医疗用语，违反广告法
256,疑似医疗用语,荷尔蒙/排毒,防止卵巢及子宫功能紊乱,高,普通商品禁用医疗用语，违反广告法
257,疑似医疗用语,荷尔蒙/排毒,去除体内毒素,高,普通商品禁用医疗用语，违反广告法
258,疑似医疗用语,荷尔蒙/排毒,吸附铅汞,高,普通商品禁用医疗用语，违反广告法
259,疑似医疗用语,除湿/体臭,除湿,高,普通商品禁用医疗用语，违反广告法
260,疑似医疗用语,除湿/体臭,润燥,高,普通商品禁用医疗用语，违反广告法
261,疑似医疗用语,除湿/体臭,治疗腋臭,高,普通商品禁用医疗用语，违反广告法
262,疑似医疗用语,除湿/体臭,治疗体臭,高,普通商品禁用医疗用语，违反广告法
263,疑似医疗用语,除湿/体臭,治疗阴臭,高,普通商品禁用医疗用语，违反广告法
264,疑似医疗用语,美容/祛斑,美容治疗,高,普通商品禁用医疗用语，违反广告法
265,疑似医疗用语,美容/祛斑,消除斑点,高,普通商品禁用医疗用语，违反广告法
266,疑似医疗用语,美容/祛斑,斑立净,高,普通商品禁用医疗用语，违反广告法
267,疑似医疗用语,美容/祛斑,无斑,高,普通商品禁用医疗用语，违反广告法
268,疑似医疗用语,美容/祛斑,治疗斑秃,高,普通商品禁用医疗用语，违反广告法
269,疑似医疗用语,美容/祛斑,逐层减退多种色斑,高,普通商品禁用医疗用语，违反广告法
270,疑似医疗用语,美容/祛斑,妊娠纹,高,普通商品禁用医疗用语，违反广告法
271,疑似医疗用语,毛发再生/脱发,毛发新生,高,普通商品禁用医疗用语，违反广告法
272,疑似医疗用语,毛发再生/脱发,毛发再生,高,普通商品禁用医疗用语，违反广告法
273,疑似医疗用语,毛发再生/脱发,生黑发,高,普通商品禁用医疗用语，违反广告法
274,疑似医疗用语,毛发再生/脱发,止脱,高,普通商品禁用医疗用语，违反广告法
275,疑似医疗用语,毛发再生/脱发,生发止脱,高,普通商品禁用医疗用语，违反广告法
276,疑似医疗用语,毛发再生/脱发,脂溢性脱发,高,普通商品禁用医疗用语，违反广告法
277,疑似医疗用语,毛发再生/脱发,病变性脱发,高,普通商品禁用医疗用语，违反广告法
278,疑似医疗用语,毛发再生/脱发,毛囊激活,高,普通商品禁用医疗用语，违反广告法
279,疑似医疗用语,伤口/毒素,酒糟鼻,高,普通商品禁用医疗用语，违反广告法
280,疑似医疗用语,伤口/毒素,伤口愈合清除毒素,高,普通商品禁用医疗用语，违反广告法
281,疑似医疗用语,疾病症状/处方,缓解痉挛抽搐,高,普通商品禁用医疗用语，违反广告法
282,疑似医疗用语,疾病症状/处方,减轻或缓解疾病症状,高,普通商品禁用医疗用语，违反广告法
283,疑似医疗用语,疾病症状/处方,处方,高,普通商品禁用医疗用语，违反广告法
284,疑似医疗用语,疾病症状/处方,药方,高,普通商品禁用医疗用语，违反广告法
285,疑似医疗用语,皮肤病/癣类,丘疹,高,普通商品禁用医疗用语，违反广告法
286,疑似医疗用语,皮肤病/癣类,脓疱,高,普通商品禁用医疗用语，违反广告法
287,疑似医疗用语,皮肤病/癣类,手癣,高,普通商品禁用医疗用语，违反广告法
288,疑似医疗用语,皮肤病/癣类,甲癣,高,普通商品禁用医疗用语，违反广告法
289,疑似医疗用语,皮肤病/癣类,体癣,高,普通商品禁用医疗用语，违反广告法
290,疑似医疗用语,皮肤病/癣类,头癣,高,普通商品禁用医疗用语，违反广告法
291,疑似医疗用语,皮肤病/癣类,股癣,高,普通商品禁用医疗用语，违反广告法
292,疑似医疗用语,皮肤病/癣类,脚癣,高,普通商品禁用医疗用语，违反广告法
293,疑似医疗用语,皮肤病/癣类,脚气,高,普通商品禁用医疗用语，违反广告法
294,疑似医疗用语,皮肤病/癣类,鹅掌癣,高,普通商品禁用医疗用语，违反广告法
295,疑似医疗用语,皮肤病/癣类,花斑癣,高,普通商品禁用医疗用语，违反广告法
296,疑似医疗用语,皮肤病/癣类,牛皮癣,高,普通商品禁用医疗用语，违反广告法
297,疑似医疗用语,皮肤病/癣类,传染性湿疹,高,普通商品禁用医疗用语，违反广告法
298,疑似医疗用语,常见病症,伤风感冒,高,普通商品禁用医疗用语，违反广告法
299,疑似医疗用语,常见病症,经痛,高,普通商品禁用医疗用语，违反广告法
300,疑似医疗用语,常见病症,肌痛,高,普通商品禁用医疗用语，违反广告法
301,疑似医疗用语,常见病症,头痛,高,普通商品禁用医疗用语，违反广告法
302,疑似医疗用语,常见病症,腹痛,高,普通商品禁用医疗用语，违反广告法
303,疑似医疗用语,常见病症,便秘,高,普通商品禁用医疗用语，违反广告法
304,疑似医疗用语,常见病症,哮喘,高,普通商品禁用医疗用语，违反广告法
305,疑似医疗用语,常见病症,支气管炎,高,普通商品禁用医疗用语，违反广告法
306,疑似医疗用语,常见病症,消化不良,高,普通商品禁用医疗用语，违反广告法
307,疑似医疗用语,外伤/感染,刀伤,高,普通商品禁用医疗用语，违反广告法
308,疑似医疗用语,外伤/感染,烧伤,高,普通商品禁用医疗用语，违反广告法
309,疑似医疗用语,外伤/感染,烫伤,高,普通商品禁用医疗用语，违反广告法
310,疑似医疗用语,外伤/感染,疮痈,高,普通商品禁用医疗用语，违反广告法
311,疑似医疗用语,外伤/感染,毛囊炎,高,普通商品禁用医疗用语，违反广告法
312,疑似医疗用语,外伤/感染,皮肤感染,高,普通商品禁用医疗用语，违反广告法
313,疑似医疗用语,外伤/感染,皮肤面部痉挛,高,普通商品禁用医疗用语，违反广告法
314,疑似医疗用语,微生物/痤疮,细菌,高,普通商品禁用医疗用语，违反广告法
315,疑似医疗用语,微生物/痤疮,真菌,高,普通商品禁用医疗用语，违反广告法
316,疑似医疗用语,微生物/痤疮,念珠菌,高,普通商品禁用医疗用语，违反广告法
317,疑似医疗用语,微生物/痤疮,糠秕孢子菌,高,普通商品禁用医疗用语，违反广告法
318,疑似医疗用语,微生物/痤疮,厌氧菌,高,普通商品禁用医疗用语，违反广告法
319,疑似医疗用语,微生物/痤疮,牙孢菌,高,普通商品禁用医疗用语，违反广告法
320,疑似医疗用语,微生物/痤疮,痤疮,高,普通商品禁用医疗用语，违反广告法
321,疑似医疗用语,微生物/痤疮,毛囊寄生虫,高,普通商品禁用医疗用语，违反广告法
322,疑似医疗用语,激素/抗生素,雌性激素,高,普通商品禁用医疗用语，违反广告法
323,疑似医疗用语,激素/抗生素,雄性激素,高,普通商品禁用医疗用语，违反广告法
324,疑似医疗用语,激素/抗生素,荷尔蒙,高,普通商品禁用医疗用语，违反广告法
325,疑似医疗用语,激素/抗生素,抗生素,高,普通商品禁用医疗用语，违反广告法
326,疑似医疗用语,激素/抗生素,激素,高,普通商品禁用医疗用语，违反广告法
327,疑似医疗用语,药物/中草药,药物,高,普通商品禁用医疗用语，违反广告法
328,疑似医疗用语,药物/中草药,中草药,高,普通商品禁用医疗用语，违反广告法
329,疑似医疗用语,药物/中草药,中枢神经,高,普通商品禁用医疗用语，违反广告法
330,疑似医疗用语,细胞/免疫,细胞再生,高,普通商品禁用医疗用语，违反广告法
331,疑似医疗用语,细胞/免疫,细胞增殖和分化,高,普通商品禁用医疗用语，违反广告法
332,疑似医疗用语,细胞/免疫,免疫力,高,普通商品禁用医疗用语，违反广告法
333,疑似医疗用语,细胞/免疫,患处,高,普通商品禁用医疗用语，违反广告法
334,疑似医疗用语,细胞/免疫,疤痕,高,普通商品禁用医疗用语，违反广告法
335,疑似医疗用语,细胞/免疫,关节痛,高,普通商品禁用医疗用语，违反广告法
336,疑似医疗用语,细胞/免疫,冻疮,高,普通商品禁用医疗用语，违反广告法
337,疑似医疗用语,细胞/免疫,冻伤,高,普通商品禁用医疗用语，违反广告法
338,疑似医疗用语,微循环/淋巴,皮肤细胞间的氧气交换,高,普通商品禁用医疗用语，违反广告法
339,疑似医疗用语,微循环/淋巴,红肿,高,普通商品禁用医疗用语，违反广告法
340,疑似医疗用语,微循环/淋巴,淋巴液,高,普通商品禁用医疗用语，违反广告法
341,疑似医疗用语,微循环/淋巴,毛细血管,高,普通商品禁用医疗用语，违反广告法
342,疑似医疗用语,微循环/淋巴,淋巴毒,高,普通商品禁用医疗用语，违反广告法
343,化妆品虚假宣传,化妆品功效夸大,特效,高,化妆品禁止使用的虚假宣传用语
344,化妆品虚假宣传,化妆品功效夸大,高效,高,化妆品禁止使用的虚假宣传用语
345,化妆品虚假宣传,化妆品功效夸大,全效,高,化妆品禁止使用的虚假宣传用语
346,化妆品虚假宣传,化妆品功效夸大,强效,高,化妆品禁止使用的虚假宣传用语
347,化妆品虚假宣传,化妆品功效夸大,速效,高,化妆品禁止使用的虚假宣传用语
348,化妆品虚假宣传,化妆品功效夸大,速白,高,化妆品禁止使用的虚假宣传用语
349,化妆品虚假宣传,化妆品功效夸大,一洗白,高,化妆品禁止使用的虚假宣传用语
350,化妆品虚假宣传,化妆品功效夸大,超强,高,化妆品禁止使用的虚假宣传用语
351,化妆品虚假宣传,化妆品功效夸大,激活,高,化妆品禁止使用的虚假宣传用语
352,化妆品虚假宣传,化妆品功效夸大,安全,高,化妆品禁止使用的虚假宣传用语
353,化妆品虚假宣传,化妆品功效夸大,无毒,高,化妆品禁止使用的虚假宣传用语
354,化妆品虚假宣传,化妆品功效夸大,溶脂,高,化妆品禁止使用的虚假宣传用语
355,化妆品虚假宣传,化妆品功效夸大,吸脂,高,化妆品禁止使用的虚假宣传用语
356,化妆品虚假宣传,化妆品功效夸大,燃烧脂肪,高,化妆品禁止使用的虚假宣传用语
357,化妆品虚假宣传,化妆品功效夸大,瘦身,高,化妆品禁止使用的虚假宣传用语
358,化妆品虚假宣传,化妆品功效夸大,瘦脸,高,化妆品禁止使用的虚假宣传用语
359,化妆品虚假宣传,化妆品功效夸大,瘦腿,高,化妆品禁止使用的虚假宣传用语
360,化妆品虚假宣传,化妆品功效夸大,减肥,高,化妆品禁止使用的虚假宣传用语
361,化妆品虚假宣传,化妆品功效夸大,延年益寿,高,化妆品禁止使用的虚假宣传用语
362,化妆品虚假宣传,化妆品功效夸大,提高记忆力,高,化妆品禁止使用的虚假宣传用语
363,化妆品虚假宣传,化妆品功效夸大,消除,高,化妆品禁止使用的虚假宣传用语
364,化妆品虚假宣传,化妆品功效夸大,清除,高,化妆品禁止使用的虚假宣传用语
365,化妆品虚假宣传,化妆品功效夸大,化解死细胞,高,化妆品禁止使用的虚假宣传用语
366,化妆品虚假宣传,化妆品功效夸大,去除皱纹,高,化妆品禁止使用的虚假宣传用语
367,化妆品虚假宣传,化妆品功效夸大,祛除皱纹,高,化妆品禁止使用的虚假宣传用语
368,化妆品虚假宣传,化妆品功效夸大,平皱,高,化妆品禁止使用的虚假宣传用语
369,化妆品虚假宣传,化妆品功效夸大,修复断裂弹性纤维,高,化妆品禁止使用的虚假宣传用语
370,化妆品虚假宣传,化妆品功效夸大,止脱,高,化妆品禁止使用的虚假宣传用语
371,化妆品虚假宣传,化妆品功效夸大,破坏黑色素细胞,高,化妆品禁止使用的虚假宣传用语
372,化妆品虚假宣传,化妆品功效夸大,阻断黑色素的形成,高,化妆品禁止使用的虚假宣传用语
373,化妆品虚假宣传,化妆品功效夸大,丰乳,高,化妆品禁止使用的虚假宣传用语
374,化妆品虚假宣传,化妆品功效夸大,丰胸,高,化妆品禁止使用的虚假宣传用语
375,化妆品虚假宣传,化妆品功效夸大,使乳房丰满,高,化妆品禁止使用的虚假宣传用语
376,化妆品虚假宣传,化妆品功效夸大,预防乳房松弛下垂,高,化妆品禁止使用的虚假宣传用语
377,化妆品虚假宣传,化妆品功效夸大,改善睡眠,高,化妆品禁止使用的虚假宣传用语
378,化妆品虚假宣传,化妆品功效夸大,促进睡眠,高,化妆品禁止使用的虚假宣传用语
379,化妆品虚假宣传,化妆品功效夸大,舒眠,高,化妆品禁止使用的虚假宣传用语
380,化妆品虚假宣传,特殊化妆品违禁,美容针,高,涉及医疗美容，普通化妆品禁用
381,化妆品虚假宣传,特殊化妆品违禁,瘦脸针,高,涉及医疗美容，普通化妆品禁用
382,化妆品虚假宣传,特殊化妆品违禁,美白针,高,涉及医疗美容，普通化妆品禁用
383,化妆品虚假宣传,特殊化妆品违禁,溶脂针,高,涉及医疗美容，普通化妆品禁用
384,化妆品虚假宣传,特殊化妆品违禁,玻尿酸填充（无医疗许可）,高,涉及医疗美容，普通化妆品禁用
385,化妆品虚假宣传,特殊化妆品违禁,激素脸修复霜,高,涉及医疗美容，普通化妆品禁用
386,迷信用语,封建迷信用语,带来好运气,中,涉嫌宣传封建迷信
387,迷信用语,封建迷信用语,增强第六感,中,涉嫌宣传封建迷信
388,迷信用语,封建迷信用语,化解小人,中,涉嫌宣传封建迷信
389,迷信用语,封建迷信用语,增加事业运,中,涉嫌宣传封建迷信
390,迷信用语,封建迷信用语,招财进宝,中,涉嫌宣传封建迷信
391,迷信用语,封建迷信用语,健康富贵,中,涉嫌宣传封建迷信
392,迷信用语,封建迷信用语,提升运气,中,涉嫌宣传封建迷信
393,迷信用语,封建迷信用语,有助事业,中,涉嫌宣传封建迷信
394,迷信用语,封建迷信用语,护身,中,涉嫌宣传封建迷信
395,迷信用语,封建迷信用语,平衡正负能量,中,涉嫌宣传封建迷信
396,迷信用语,封建迷信用语,消除精神压力,中,涉嫌宣传封建迷信
397,迷信用语,封建迷信用语,调和气压,中,涉嫌宣传封建迷信
398,迷信用语,封建迷信用语,逢凶化吉,中,涉嫌宣传封建迷信
399,迷信用语,封建迷信用语,时来运转,中,涉嫌宣传封建迷信
400,迷信用语,封建迷信用语,万事亨通,中,涉嫌宣传封建迷信
401,迷信用语,封建迷信用语,旺人,中,涉嫌宣传封建迷信
402,迷信用语,封建迷信用语,旺财,中,涉嫌宣传封建迷信
403,迷信用语,封建迷信用语,助吉避凶,中,涉嫌宣传封建迷信
404,迷信用语,封建迷信用语,转富招福,中,涉嫌宣传封建迷信
405,迷信用语,封建迷信用语,算命,中,涉嫌宣传封建迷信
406,迷信用语,封建迷信用语,算八字,中,涉嫌宣传封建迷信
407,迷信用语,封建迷信用语,运势,中,涉嫌宣传封建迷信
408,金融投资违禁词,金融投资宣传,收益率,高,涉嫌违规金融宣传，误导投资
409,金融投资违禁词,金融投资宣传,投资回报,高,涉嫌违规金融宣传，误导投资
410,金融投资违禁词,金融投资宣传,保底收益,高,涉嫌违规金融宣传，误导投资
411,金融投资违禁词,金融投资宣传,返本销售,高,涉嫌违规金融宣传，误导投资
412,金融投资违禁词,金融投资宣传,无风险回报,高,涉嫌违规金融宣传，误导投资
413,金融投资违禁词,金融投资宣传,快速回报,高,涉嫌违规金融宣传，误导投资
414,金融投资违禁词,金融投资宣传,高收益回报,高,涉嫌违规金融宣传，误导投资
415,金融投资违禁词,金融投资宣传,升值,高,涉嫌违规金融宣传，误导投资
416,金融投资违禁词,金融投资宣传,众筹,高,涉嫌违规金融宣传，误导投资
417,金融投资违禁词,金融投资宣传,100%本息保障,高,涉嫌违规金融宣传，误导投资
418,金融投资违禁词,金融投资宣传,100%胜率,高,涉嫌违规金融宣传，误导投资
419,金融投资违禁词,金融投资宣传,无风险,高,涉嫌违规金融宣传，误导投资
420,金融投资违禁词,金融投资宣传,保值增值,高,涉嫌违规金融宣传，误导投资
421,金融投资违禁词,金融投资宣传,本息安心,高,涉嫌违规金融宣传，误导投资
422,金融投资违禁词,金融投资宣传,稳赚,高,涉嫌违规金融宣传，误导投资
423,导流/竞品违禁词,导流/竞品提及,淘宝,高,站外导流行为，直接限流或删除
424,导流/竞品违禁词,导流/竞品提及,天猫,高,站外导流行为，直接限流或删除
425,导流/竞品违禁词,导流/竞品提及,天猫旗舰店,高,站外导流行为，直接限流或删除
426,导流/竞品违禁词,导流/竞品提及,京东,高,站外导流行为，直接限流或删除
427,导流/竞品违禁词,导流/竞品提及,得物,高,站外导流行为，直接限流或删除
428,导流/竞品违禁词,导流/竞品提及,B站,高,站外导流行为，直接限流或删除
429,导流/竞品违禁词,导流/竞品提及,微博,高,站外导流行为，直接限流或删除
430,导流/竞品违禁词,导流/竞品提及,抖音,高,站外导流行为，直接限流或删除
431,导流/竞品违禁词,导流/竞品提及,TikTok,高,站外导流行为，直接限流或删除
432,导流/竞品违禁词,导流/竞品提及,猫狗（淘宝京东代称）,高,站外导流行为，直接限流或删除
433,导流/竞品违禁词,导流/竞品提及,小破站（B站代称）,高,站外导流行为，直接限流或删除
434,导流/竞品违禁词,导流/竞品提及,二维码展示,高,站外导流行为，直接限流或删除
435,导流/竞品违禁词,导流/竞品提及,微信号,高,站外导流行为，直接限流或删除
436,导流/竞品违禁词,导流/竞品提及,QQ号,高,站外导流行为，直接限流或删除
437,导流/竞品违禁词,导流/竞品提及,加微信,高,站外导流行为，直接限流或删除
438,导流/竞品违禁词,导流/竞品提及,私信获取,高,站外导流行为，直接限流或删除
439,导流/竞品违禁词,导流/竞品提及,详情见评论,高,站外导流行为，直接限流或删除
440,医疗广告违禁词,医疗广告用语,当天就见效,高,违反医疗广告管理办法
441,医疗广告违禁词,医疗广告用语,治愈率为XX%,高,违反医疗广告管理办法
442,医疗广告违禁词,医疗广告用语,轻松告别,高,违反医疗广告管理办法
443,医疗广告违禁词,医疗广告用语,延长生命,高,违反医疗广告管理办法
444,医疗广告违禁词,医疗广告用语,医疗水平最高,高,违反医疗广告管理办法
445,医疗广告违禁词,医疗广告用语,更安全,高,违反医疗广告管理办法
446,医疗广告违禁词,医疗广告用语,恢复快,高,违反医疗广告管理办法
447,医疗广告违禁词,医疗广告用语,零事故,高,违反医疗广告管理办法
448,医疗广告违禁词,医疗广告用语,零担忧,高,违反医疗广告管理办法
449,医疗广告违禁词,医疗广告用语,完全清除,高,违反医疗广告管理办法
450,医疗广告违禁词,医疗广告用语,一次性治愈不复发,高,违反医疗广告管理办法
451,医疗广告违禁词,医疗广告用语,无一人复发,高,违反医疗广告管理办法
452,医疗广告违禁词,医疗广告用语,全部康复,高,违反医疗广告管理办法
453,医疗广告违禁词,医疗广告用语,彻底消除,高,违反医疗广告管理办法
454,医疗广告违禁词,医疗广告用语,显著改善,高,违反医疗广告管理办法
455,教育培训广告违禁词,教育培训宣传,记忆效率提升百倍,高,涉嫌虚假教育培训宣传
456,教育培训广告违禁词,教育培训宣传,成绩飞跃,高,涉嫌虚假教育培训宣传
457,教育培训广告违禁词,教育培训宣传,过目不忘,高,涉嫌虚假教育培训宣传
458,教育培训广告违禁词,教育培训宣传,7天记住永不忘,高,涉嫌虚假教育培训宣传
459,教育培训广告违禁词,教育培训宣传,通过率XX%,高,涉嫌虚假教育培训宣传
460,教育培训广告违禁词,教育培训宣传,高分王者,高,涉嫌虚假教育培训宣传
461,教育培训广告违禁词,教育培训宣传,名列前茅,高,涉嫌虚假教育培训宣传
462,教育培训广告违禁词,教育培训宣传,百分百高薪就业,高,涉嫌虚假教育培训宣传
463,教育培训广告违禁词,教育培训宣传,国家承认,高,涉嫌虚假教育培训宣传
464,教育培训广告违禁词,教育培训宣传,命题专家联手,高,涉嫌虚假教育培训宣传
465,教育培训广告违禁词,教育培训宣传,圈定考试范围,高,涉嫌虚假教育培训宣传
466,教育培训广告违禁词,教育培训宣传,通往北大清华的金钥匙,高,涉嫌虚假教育培训宣传
467,房产类违禁词,极限词（房产专属）,全网第一,高,房产广告中的极限词，违反广告法第9条
468,房产类违禁词,极限词（房产专属）,市场唯一,高,房产广告中的极限词，违反广告法第9条
469,房产类违禁词,极限词（房产专属）,最高端,高,房产广告中的极限词，违反广告法第9条
470,房产类违禁词,极限词（房产专属）,极品楼盘,高,房产广告中的极限词，违反广告法第9条
471,房产类违禁词,极限词（房产专属）,鼎冠,高,房产广告中的极限词，违反广告法第9条
472,房产类违禁词,极限词（房产专属）,顶级豪宅,高,房产广告中的极限词，违反广告法第9条
473,房产类违禁词,极限词（房产专属）,城市第一高楼,高,房产广告中的极限词，违反广告法第9条
474,房产类违禁词,极限词（房产专属）,销量冠军,高,房产广告中的极限词，违反广告法第9条
475,房产类违禁词,极限词（房产专属）,独家房源,高,房产广告中的极限词，违反广告法第9条
476,房产类违禁词,极限词（房产专属）,绝版户型,高,房产广告中的极限词，违反广告法第9条
477,房产类违禁词,极限词（房产专属）,空前绝后,高,房产广告中的极限词，违反广告法第9条
478,房产类违禁词,极限词（房产专属）,王牌楼盘,高,房产广告中的极限词，违反广告法第9条
479,房产类违禁词,极限词（房产专属）,顶级配套,高,房产广告中的极限词，违反广告法第9条
480,房产类违禁词,极限词（房产专属）,史上最低价,高,房产广告中的极限词，违反广告法第9条
481,房产类违禁词,极限词（房产专属）,最划算,高,房产广告中的极限词，违反广告法第9条
482,房产类违禁词,投资回报/升值承诺,升值空间巨大,高,广告法第26条明确禁止含升值或投资回报承诺
483,房产类违禁词,投资回报/升值承诺,投资回报率保证,高,广告法第26条明确禁止含升值或投资回报承诺
484,房产类违禁词,投资回报/升值承诺,年回报率高达XX%,高,广告法第26条明确禁止含升值或投资回报承诺
485,房产类违禁词,投资回报/升值承诺,热销必升值,高,广告法第26条明确禁止含升值或投资回报承诺
486,房产类违禁词,投资回报/升值承诺,一年净赚百万,高,广告法第26条明确禁止含升值或投资回报承诺
487,房产类违禁词,投资回报/升值承诺,多重钱景保障,高,广告法第26条明确禁止含升值或投资回报承诺
488,房产类违禁词,投资回报/升值承诺,买到即赚到,高,广告法第26条明确禁止含升值或投资回报承诺
489,房产类违禁词,投资回报/升值承诺,升值潜力无限,高,广告法第26条明确禁止含升值或投资回报承诺
490,房产类违禁词,投资回报/升值承诺,保值增值,高,广告法第26条明确禁止含升值或投资回报承诺
491,房产类违禁词,投资回报/升值承诺,稳赚不赔,高,广告法第26条明确禁止含升值或投资回报承诺
492,房产类违禁词,融资/众筹类,内部认购,高,房产广告不得出现融资或变相融资内容
493,房产类违禁词,融资/众筹类,众筹买房,高,房产广告不得出现融资或变相融资内容
494,房产类违禁词,融资/众筹类,内部融资,高,房产广告不得出现融资或变相融资内容
495,房产类违禁词,融资/众筹类,变相融资,高,房产广告不得出现融资或变相融资内容
496,房产类违禁词,融资/众筹类,购房后返租,高,房产广告不得出现融资或变相融资内容
497,房产类违禁词,融资/众筹类,合伙买房,高,房产广告不得出现融资或变相融资内容
498,房产类违禁词,融资/众筹类,返租保底,高,房产广告不得出现融资或变相融资内容
499,房产类违禁词,学区/户口/就业承诺,学区房,高,广告法第18条禁止承诺办理户口、就业、升学等事项
500,房产类违禁词,学区/户口/就业承诺,学位房,高,广告法第18条禁止承诺办理户口、就业、升学等事项
501,房产类违禁词,学区/户口/就业承诺,带XX学校学位,高,广告法第18条禁止承诺办理户口、就业、升学等事项
502,房产类违禁词,学区/户口/就业承诺,尽享公立学校,高,广告法第18条禁止承诺办理户口、就业、升学等事项
503,房产类违禁词,学区/户口/就业承诺,项目自带教育资源,高,广告法第18条禁止承诺办理户口、就业、升学等事项
504,房产类违禁词,学区/户口/就业承诺,直升名校,高,广告法第18条禁止承诺办理户口、就业、升学等事项
505,房产类违禁词,学区/户口/就业承诺,买房送学位,高,广告法第18条禁止承诺办理户口、就业、升学等事项
506,房产类违禁词,学区/户口/就业承诺,锁定学位,高,广告法第18条禁止承诺办理户口、就业、升学等事项
507,房产类违禁词,学区/户口/就业承诺,承诺入读,高,广告法第18条禁止承诺办理户口、就业、升学等事项
508,房产类违禁词,学区/户口/就业承诺,办理户口,高,广告法第18条禁止承诺办理户口、就业、升学等事项
509,房产类违禁词,学区/户口/就业承诺,就业保障,高,广告法第18条禁止承诺办理户口、就业、升学等事项
510,房产类违禁词,学区/户口/就业承诺,入住即落户,高,广告法第18条禁止承诺办理户口、就业、升学等事项
511,房产类违禁词,具体距离/时间表述,距地铁口5分钟,高,广告法第26条禁止以到达参照物所需时间表示位置
512,房产类违禁词,具体距离/时间表述,距XX学校100米,高,广告法第26条禁止以到达参照物所需时间表示位置
513,房产类违禁词,具体距离/时间表述,距国贸30分钟,高,广告法第26条禁止以到达参照物所需时间表示位置
514,房产类违禁词,具体距离/时间表述,步行3分钟到地铁,高,广告法第26条禁止以到达参照物所需时间表示位置
515,房产类违禁词,具体距离/时间表述,开车20分钟到机场,高,广告法第26条禁止以到达参照物所需时间表示位置
516,房产类违禁词,具体距离/时间表述,近地铁XX米,高,广告法第26条禁止以到达参照物所需时间表示位置
517,房产类违禁词,政府/规划背书类,国家重点扶持项目,高,不得宣传国家规划区域，不得编造政策信息
518,房产类违禁词,政府/规划背书类,国家规划项目,高,不得宣传国家规划区域，不得编造政策信息
519,房产类违禁词,政府/规划背书类,国家规划区域,高,不得宣传国家规划区域，不得编造政策信息
520,房产类违禁词,政府/规划背书类,政府重点开发区,高,不得宣传国家规划区域，不得编造政策信息
521,房产类违禁词,政府/规划背书类,编造新政,高,不得宣传国家规划区域，不得编造政策信息
522,房产类违禁词,政府/规划背书类,最新政策利好,高,不得宣传国家规划区域，不得编造政策信息
523,房产类违禁词,政府/规划背书类,内部消息,高,不得宣传国家规划区域，不得编造政策信息
524,房产类违禁词,价格虚假/误导类,史上最低价,高,虚假价格宣传，误导消费者
525,房产类违禁词,价格虚假/误导类,跳楼价,高,虚假价格宣传，误导消费者
526,房产类违禁词,价格虚假/误导类,价格腰斩,高,虚假价格宣传，误导消费者
527,房产类违禁词,价格虚假/误导类,零首付,高,虚假价格宣传，误导消费者
528,房产类违禁词,价格虚假/误导类,0首付,高,虚假价格宣传，误导消费者
529,房产类违禁词,价格虚假/误导类,内部价,高,虚假价格宣传，误导消费者
530,房产类违禁词,价格虚假/误导类,员工价,高,虚假价格宣传，误导消费者
531,房产类违禁词,价格虚假/误导类,不限购（实际限购时）,高,虚假价格宣传，误导消费者
532,房产类违禁词,价格虚假/误导类,无需首付,高,虚假价格宣传，误导消费者
533,房产类违禁词,房屋用途混淆类,商住两用（非居住用地）,高,不得将商业性质房产宣传为住宅
534,房产类违禁词,房屋用途混淆类,酒店式公寓（商业性质）,高,不得将商业性质房产宣传为住宅
535,房产类违禁词,房屋用途混淆类,类住宅,高,不得将商业性质房产宣传为住宅
536,房产类违禁词,房屋用途混淆类,公寓（实为办公）,高,不得将商业性质房产宣传为住宅
537,房产类违禁词,风水/迷信类（房产）,风水宝地,中,房产广告不得含风水、占卜等封建迷信内容
538,房产类违禁词,风水/迷信类（房产）,旺财旺丁,中,房产广告不得含风水、占卜等封建迷信内容
539,房产类违禁词,风水/迷信类（房产）,聚气藏风,中,房产广告不得含风水、占卜等封建迷信内容
540,房产类违禁词,风水/迷信类（房产）,坐北朝南旺运,中,房产广告不得含风水、占卜等封建迷信内容
541,房产类违禁词,风水/迷信类（房产）,招财格局,中,房产广告不得含风水、占卜等封建迷信内容
542,房产类违禁词,风水/迷信类（房产）,龙脉所在,中,房产广告不得含风水、占卜等封建迷信内容
543,房产类违禁词,风水/迷信类（房产）,镇宅化煞,中,房产广告不得含风水、占卜等封建迷信内容
544,房产类违禁词,房价涨跌预测类,房价必涨,高,未经证实的房价涨跌预测，涉嫌误导消费者
545,房产类违禁词,房价涨跌预测类,明年价格翻倍,高,未经证实的房价涨跌预测，涉嫌误导消费者
546,房产类违禁词,房价涨跌预测类,楼市即将爆发,高,未经证实的房价涨跌预测，涉嫌误导消费者
547,房产类违禁词,房价涨跌预测类,错过就亏了,高,未经证实的房价涨跌预测，涉嫌误导消费者
548,房产类违禁词,房价涨跌预测类,现在买最划算,高,未经证实的房价涨跌预测，涉嫌误导消费者
549,房产类违禁词,预售装修类,精装修（预售广告）,高,预售/预租商品房广告不得涉及装修装饰内容
550,房产类违禁词,预售装修类,豪华装修效果图（未竣工）,高,预售/预租商品房广告不得涉及装修装饰内容
551,房产类违禁词,预售装修类,样板间效果即交付标准,高,预售/预租商品房广告不得涉及装修装饰内容
,,,,,
数据来源：广告法(2015修订)、房地产广告发布规定、深圳市场监管局合规指引、数英网、Reditor编辑器、句无忧(check51.com) 2025-2026年汇编,,,,,